{"type":"FeatureCollection","features":[{"type":"Feature","id":"tongji-siping-relation-18783857","geometry":{"type":"Polygon","coordinates":[[[121.498699,31.2829068],[121.498209,31.2819841],[121.4985432,31.2818545],[121.499033,31.2827772],[121.498699,31.2829068]],[[121.4987514,31.2828086],[121.4989061,31.2827492],[121.4988379,31.2826193],[121.4986831,31.2826786],[121.4987514,31.2828086]]]},"properties":{"stable_id":"tongji-siping-relation-18783857","collision_type":"building","source_id":"relation/18783857"}},{"type":"Feature","id":"tongji-siping-relation-18788114","geometry":{"type":"Polygon","coordinates":[[[121.5000264,31.2829459],[121.5002089,31.2832958],[121.500023,31.2833666],[121.4999425,31.2832161],[121.4998331,31.2830182],[121.5000264,31.2829459]]]},"properties":{"stable_id":"tongji-siping-relation-18788114","collision_type":"building","source_id":"relation/18788114"}},{"type":"Feature","id":"tongji-siping-relation-19896868","geometry":{"type":"Polygon","coordinates":[[[121.4995223,31.2856411],[121.4995383,31.2856712],[121.4994116,31.2857206],[121.4993784,31.2857336],[121.4993433,31.2857473],[121.4992102,31.2857992],[121.49899,31.2853871],[121.4991232,31.2853352],[121.4991575,31.2853218],[121.4991914,31.2853086],[121.4993182,31.2852591],[121.4993306,31.2852823],[121.4993708,31.2851969],[121.499199,31.2852656],[121.4991362,31.285151],[121.4996214,31.2849571],[121.4998169,31.2853143],[121.5000168,31.2856795],[121.4995259,31.2858758],[121.4994572,31.2857502],[121.4996314,31.2856805],[121.4995223,31.2856411]],[[121.4994874,31.2851503],[121.4995776,31.2851796],[121.4995482,31.2851259],[121.4994874,31.2851503]],[[121.4997421,31.2856362],[121.4998123,31.2856081],[121.4997803,31.2855498],[121.4997421,31.2856362]],[[121.4995904,31.2853258],[121.4996139,31.2853331],[121.4996254,31.2853058],[121.4996429,31.2852988],[121.4996204,31.2852578],[121.4995904,31.2853258]],[[121.4996644,31.2854554],[121.4997425,31.2854808],[121.499714,31.2854286],[121.4996968,31.2854355],[121.499677,31.2854287],[121.4996644,31.2854554]],[[121.4993931,31.285399],[121.4994156,31.2853901],[121.4994496,31.2854005],[121.4994597,31.2853765],[121.4993622,31.2853414],[121.4993931,31.285399]],[[121.4994888,31.2855784],[121.4995195,31.2855134],[121.4994866,31.285502],[121.4994805,31.2855149],[121.4994602,31.2855229],[121.4994888,31.2855784]]]},"properties":{"stable_id":"tongji-siping-relation-19896868","collision_type":"building","source_id":"relation/19896868"}},{"type":"Feature","id":"tongji-siping-relation-20314136","geometry":{"type":"Polygon","coordinates":[[[121.5018105,31.2824606],[121.5034445,31.2818189],[121.5037811,31.2824512],[121.502117,31.2830767],[121.5018105,31.2824606]],[[121.5029128,31.2824876],[121.5033401,31.2823247],[121.5032444,31.2821415],[121.5028172,31.2823044],[121.5029128,31.2824876]],[[121.5023123,31.282717],[121.5027458,31.2825467],[121.5026508,31.28237],[121.5022172,31.2825403],[121.5023123,31.282717]]]},"properties":{"stable_id":"tongji-siping-relation-20314136","collision_type":"building","source_id":"relation/20314136"}},{"type":"Feature","id":"tongji-siping-relation-20314138","geometry":{"type":"Polygon","coordinates":[[[121.5008461,31.2812081],[121.5017614,31.2808639],[121.5021755,31.2816707],[121.5012656,31.2820171],[121.5008461,31.2812081]],[[121.501401,31.2815627],[121.5016855,31.2814576],[121.5015939,31.2812767],[121.5013095,31.2813818],[121.501401,31.2815627]]]},"properties":{"stable_id":"tongji-siping-relation-20314138","collision_type":"building","source_id":"relation/20314138"}},{"type":"Feature","id":"tongji-siping-relation-20672267","geometry":{"type":"Polygon","coordinates":[[[121.49811,31.2857904],[121.498101,31.285776],[121.4977908,31.285917],[121.4977235,31.2858089],[121.4984145,31.2854947],[121.4984058,31.2854812],[121.4982145,31.2855694],[121.4981651,31.2854912],[121.4983565,31.285403],[121.4983316,31.2853641],[121.4980089,31.2855173],[121.4980608,31.2855966],[121.498013,31.2856193],[121.4979612,31.2855398],[121.49763,31.2856952],[121.497557,31.2855816],[121.4978888,31.285426],[121.4978076,31.2853003],[121.4974909,31.2854457],[121.4974305,31.28535],[121.4982586,31.2849685],[121.498319,31.2850643],[121.4983477,31.28511],[121.4982529,31.2851536],[121.4982242,31.285108],[121.4982106,31.2851143],[121.4982875,31.2852376],[121.4983948,31.2851868],[121.4984682,31.2853],[121.4984453,31.2853114],[121.4985286,31.2854428],[121.4985462,31.2854348],[121.4986135,31.2855429],[121.498215,31.2857241],[121.498224,31.2857386],[121.49811,31.2857904]],[[121.4979686,31.2853883],[121.4982607,31.2852503],[121.4981836,31.2851266],[121.4978874,31.2852626],[121.4979686,31.2853883]]]},"properties":{"stable_id":"tongji-siping-relation-20672267","collision_type":"building","source_id":"relation/20672267"}},{"type":"Feature","id":"tongji-siping-way-1068890360","geometry":{"type":"Polygon","coordinates":[[[121.4910605,31.2801142],[121.4910575,31.2800056],[121.4915014,31.2799983],[121.4915007,31.2799591],[121.4919439,31.2799501],[121.491947,31.2800587],[121.4915026,31.2800664],[121.4915037,31.2801051],[121.4910605,31.2801142]]]},"properties":{"stable_id":"tongji-siping-way-1068890360","collision_type":"building","source_id":"way/1068890360"}},{"type":"Feature","id":"tongji-siping-way-1068890368","geometry":{"type":"Polygon","coordinates":[[[121.4911128,31.2802961],[121.4911102,31.2802106],[121.4915093,31.2802018],[121.4915084,31.2801738],[121.4919028,31.2801651],[121.4919058,31.2802622],[121.4915081,31.280271],[121.4915086,31.2802874],[121.4911128,31.2802961]]]},"properties":{"stable_id":"tongji-siping-way-1068890368","collision_type":"building","source_id":"way/1068890368"}},{"type":"Feature","id":"tongji-siping-way-1068890372","geometry":{"type":"Polygon","coordinates":[[[121.4911477,31.2807156],[121.491145,31.280614],[121.4918045,31.2806012],[121.4918072,31.2807028],[121.4911477,31.2807156]]]},"properties":{"stable_id":"tongji-siping-way-1068890372","collision_type":"building","source_id":"way/1068890372"}},{"type":"Feature","id":"tongji-siping-way-1068890373","geometry":{"type":"Polygon","coordinates":[[[121.4912515,31.2804991],[121.4912494,31.2803982],[121.4918979,31.2803883],[121.4919,31.2804891],[121.4912515,31.2804991]]]},"properties":{"stable_id":"tongji-siping-way-1068890373","collision_type":"building","source_id":"way/1068890373"}},{"type":"Feature","id":"tongji-siping-way-1068890374","geometry":{"type":"Polygon","coordinates":[[[121.4911618,31.2809088],[121.4911597,31.2807959],[121.4917869,31.2807875],[121.4917889,31.2809003],[121.4911618,31.2809088]]]},"properties":{"stable_id":"tongji-siping-way-1068890374","collision_type":"building","source_id":"way/1068890374"}},{"type":"Feature","id":"tongji-siping-way-1073288372","geometry":{"type":"Polygon","coordinates":[[[121.4917001,31.2818431],[121.4916979,31.2814321],[121.4916223,31.2814324],[121.4916219,31.2813587],[121.4915953,31.2813588],[121.4915946,31.2812225],[121.4915626,31.2812226],[121.4915622,31.2811498],[121.491697,31.2811493],[121.4917536,31.2811788],[121.4917731,31.2812234],[121.4917764,31.2816686],[121.4917658,31.2816686],[121.4917663,31.2817402],[121.4917522,31.2817402],[121.4917528,31.2818428],[121.4917001,31.2818431]]]},"properties":{"stable_id":"tongji-siping-way-1073288372","collision_type":"building","source_id":"way/1073288372"}},{"type":"Feature","id":"tongji-siping-way-1093112845","geometry":{"type":"Polygon","coordinates":[[[121.4913906,31.2864595],[121.491389,31.2863834],[121.4918428,31.2863764],[121.4918442,31.286444],[121.4918834,31.2864434],[121.4918848,31.2865088],[121.4917199,31.2865113],[121.4917187,31.2864545],[121.4913906,31.2864595]]]},"properties":{"stable_id":"tongji-siping-way-1093112845","collision_type":"building","source_id":"way/1093112845"}},{"type":"Feature","id":"tongji-siping-way-1093112846","geometry":{"type":"Polygon","coordinates":[[[121.4916743,31.286948],[121.4916721,31.2867868],[121.4918553,31.2867856],[121.4918495,31.2865624],[121.4918879,31.2865633],[121.49207,31.2868207],[121.4920805,31.2868467],[121.4920794,31.2868736],[121.4920595,31.2869145],[121.4920257,31.2869345],[121.4919603,31.2869454],[121.4916743,31.286948]]]},"properties":{"stable_id":"tongji-siping-way-1093112846","collision_type":"building","source_id":"way/1093112846"}},{"type":"Feature","id":"tongji-siping-way-1093112850","geometry":{"type":"Polygon","coordinates":[[[121.4916606,31.2871215],[121.4917697,31.2871209],[121.4918886,31.2871018],[121.4920238,31.2870914],[121.4921508,31.2870992],[121.4922596,31.2871157],[121.4922636,31.2871809],[121.4923315,31.2871814],[121.4923317,31.2872009],[121.4923866,31.2872031],[121.4924273,31.2872538],[121.4923251,31.287256],[121.4923238,31.2872458],[121.4922555,31.2872478],[121.4921533,31.287267],[121.4920278,31.287274],[121.4918815,31.287269],[121.4917778,31.2872556],[121.4917778,31.2872703],[121.4916624,31.2872712],[121.4916636,31.2872607],[121.4916608,31.2871487],[121.4916606,31.2871215]]]},"properties":{"stable_id":"tongji-siping-way-1093112850","collision_type":"building","source_id":"way/1093112850"}},{"type":"Feature","id":"tongji-siping-way-1093112851","geometry":{"type":"Polygon","coordinates":[[[121.4920238,31.2870914],[121.4921234,31.2870193],[121.4922616,31.2870176],[121.4924455,31.2872278],[121.4924273,31.2872538],[121.4923866,31.2872031],[121.4923317,31.2872009],[121.4923315,31.2871814],[121.4922636,31.2871809],[121.4922596,31.2871157],[121.4921508,31.2870992],[121.4920238,31.2870914]]]},"properties":{"stable_id":"tongji-siping-way-1093112851","collision_type":"building","source_id":"way/1093112851"}},{"type":"Feature","id":"tongji-siping-way-1206672426","geometry":{"type":"Polygon","coordinates":[[[121.4961671,31.2807618],[121.4960364,31.2804425],[121.4963679,31.2803574],[121.4964878,31.2806713],[121.4961671,31.2807618]]]},"properties":{"stable_id":"tongji-siping-way-1206672426","collision_type":"closed","source_id":"way/1206672426"}},{"type":"Feature","id":"tongji-siping-way-1206672427","geometry":{"type":"Polygon","coordinates":[[[121.5018555,31.283377],[121.5013268,31.2823385],[121.501499,31.2822777],[121.5015682,31.2824157],[121.5020198,31.283316],[121.5018555,31.283377]]]},"properties":{"stable_id":"tongji-siping-way-1206672427","collision_type":"building","source_id":"way/1206672427"}},{"type":"Feature","id":"tongji-siping-way-125456038","geometry":{"type":"Polygon","coordinates":[[[121.4925594,31.286598],[121.4925389,31.2865649],[121.4925962,31.286539],[121.4926685,31.2866555],[121.4930812,31.2864686],[121.4931679,31.2866083],[121.492811,31.2867699],[121.4928313,31.2868027],[121.4925316,31.2869385],[121.4924662,31.2868331],[121.4926528,31.2867486],[121.4925594,31.286598]]]},"properties":{"stable_id":"tongji-siping-way-125456038","collision_type":"building","source_id":"way/125456038"}},{"type":"Feature","id":"tongji-siping-way-125456039","geometry":{"type":"Polygon","coordinates":[[[121.4921682,31.286411],[121.4923252,31.2863277],[121.4925593,31.28665],[121.4925219,31.2866698],[121.492553,31.2867125],[121.4924275,31.2867791],[121.4923544,31.2866785],[121.4924371,31.2866346],[121.4923124,31.2864628],[121.4922354,31.2865037],[121.4921682,31.286411]]]},"properties":{"stable_id":"tongji-siping-way-125456039","collision_type":"building","source_id":"way/125456039"}},{"type":"Feature","id":"tongji-siping-way-125456040","geometry":{"type":"Polygon","coordinates":[[[121.4923668,31.2861656],[121.4923454,31.2861298],[121.492831,31.2859169],[121.4928562,31.2859587],[121.4930616,31.2858687],[121.4931904,31.2860834],[121.4925466,31.2863656],[121.4925138,31.2863111],[121.4924666,31.2863318],[121.4923668,31.2861656]]]},"properties":{"stable_id":"tongji-siping-way-125456040","collision_type":"building","source_id":"way/125456040"}},{"type":"Feature","id":"tongji-siping-way-125461261","geometry":{"type":"Polygon","coordinates":[[[121.4929901,31.2851158],[121.4929509,31.2850411],[121.4930132,31.2850173],[121.4929951,31.2849827],[121.4936891,31.2847239],[121.4937912,31.284735],[121.4938534,31.2847808],[121.4940034,31.285067],[121.4934096,31.2852943],[121.4932815,31.2850499],[121.4930751,31.285129],[121.4930551,31.2850909],[121.4929901,31.2851158]]]},"properties":{"stable_id":"tongji-siping-way-125461261","collision_type":"building","source_id":"way/125461261"}},{"type":"Feature","id":"tongji-siping-way-125465017","geometry":{"type":"Polygon","coordinates":[[[121.4969694,31.2827052],[121.4975698,31.2825335],[121.4978029,31.2831287],[121.4971614,31.2833123],[121.4969692,31.2828216],[121.4970104,31.2828098],[121.4969694,31.2827052]]]},"properties":{"stable_id":"tongji-siping-way-125465017","collision_type":"building","source_id":"way/125465017"}},{"type":"Feature","id":"tongji-siping-way-1361623739","geometry":{"type":"Polygon","coordinates":[[[121.5026044,31.2810424],[121.5022706,31.281175],[121.5020675,31.2808015],[121.5028721,31.2804818],[121.5031501,31.280993],[121.5029411,31.281076],[121.5027767,31.2807735],[121.5025148,31.2808775],[121.5026044,31.2810424]]]},"properties":{"stable_id":"tongji-siping-way-1361623739","collision_type":"building","source_id":"way/1361623739"}},{"type":"Feature","id":"tongji-siping-way-1364682826","geometry":{"type":"Polygon","coordinates":[[[121.5018244,31.2846304],[121.5018067,31.2845983],[121.5017597,31.284513],[121.5017397,31.2844767],[121.5017955,31.2844545],[121.5018153,31.2844907],[121.5018623,31.2845759],[121.50188,31.2846079],[121.5018244,31.2846304]]]},"properties":{"stable_id":"tongji-siping-way-1364682826","collision_type":"building","source_id":"way/1364682826"}},{"type":"Feature","id":"tongji-siping-way-1364684874","geometry":{"type":"Polygon","coordinates":[[[121.4998801,31.2816132],[121.4998319,31.2815214],[121.4999887,31.2814612],[121.499928,31.2813456],[121.4999936,31.2813205],[121.4999342,31.2812074],[121.4997768,31.2812677],[121.4997159,31.2811591],[121.4999217,31.281095],[121.5000363,31.2811335],[121.5002198,31.2814828],[121.4998801,31.2816132]]]},"properties":{"stable_id":"tongji-siping-way-1364684874","collision_type":"building","source_id":"way/1364684874"}},{"type":"Feature","id":"tongji-siping-way-1364684876","geometry":{"type":"Polygon","coordinates":[[[121.5006081,31.2825112],[121.5005569,31.2824161],[121.5006572,31.2823766],[121.5007085,31.2824717],[121.5006757,31.2824867],[121.5006081,31.2825112]]]},"properties":{"stable_id":"tongji-siping-way-1364684876","collision_type":"building","source_id":"way/1364684876"}},{"type":"Feature","id":"tongji-siping-way-1364944602","geometry":{"type":"LineString","coordinates":[[121.499102,31.2859059],[121.4993993,31.285784],[121.4995433,31.2860221]]},"properties":{"stable_id":"tongji-siping-way-1364944602","collision_type":"closed","source_id":"way/1364944602"}},{"type":"Feature","id":"tongji-siping-way-1364944618","geometry":{"type":"Polygon","coordinates":[[[121.4925034,31.2840179],[121.4924415,31.2839042],[121.4928897,31.283735],[121.4929234,31.2838028],[121.4929478,31.2838521],[121.4925034,31.2840179]]]},"properties":{"stable_id":"tongji-siping-way-1364944618","collision_type":"building","source_id":"way/1364944618"}},{"type":"Feature","id":"tongji-siping-way-1364944619","geometry":{"type":"Polygon","coordinates":[[[121.4929234,31.2838028],[121.4928897,31.283735],[121.4934878,31.2835093],[121.4936068,31.2837548],[121.4931448,31.2839268],[121.4930604,31.2837572],[121.4929234,31.2838028]]]},"properties":{"stable_id":"tongji-siping-way-1364944619","collision_type":"building","source_id":"way/1364944619"}},{"type":"Feature","id":"tongji-siping-way-1364944620","geometry":{"type":"LineString","coordinates":[[121.4929478,31.2838521],[121.4931757,31.284328]]},"properties":{"stable_id":"tongji-siping-way-1364944620","collision_type":"barrier","source_id":"way/1364944620"}},{"type":"Feature","id":"tongji-siping-way-1364970739","geometry":{"type":"LineString","coordinates":[[121.4972399,31.2824705],[121.4972807,31.2825496]]},"properties":{"stable_id":"tongji-siping-way-1364970739","collision_type":"barrier","source_id":"way/1364970739"}},{"type":"Feature","id":"tongji-siping-way-1429461992","geometry":{"type":"LineString","coordinates":[[121.5020838,31.2848741],[121.5021022,31.2848668],[121.5020119,31.2846963],[121.5020038,31.2846887],[121.5019904,31.2846837],[121.5019784,31.2846835],[121.5019699,31.2846881],[121.5019642,31.2846949]]},"properties":{"stable_id":"tongji-siping-way-1429461992","collision_type":"barrier","source_id":"way/1429461992"}},{"type":"Feature","id":"tongji-siping-way-1429461993","geometry":{"type":"Polygon","coordinates":[[[121.5017134,31.2847302],[121.5017405,31.2847071],[121.5017651,31.2847244],[121.5017972,31.2847344],[121.5018298,31.2847402],[121.501865,31.2847434],[121.5018989,31.2847389],[121.5019257,31.2847284],[121.5019475,31.2847123],[121.5019642,31.2846949],[121.5019915,31.2847063],[121.5019716,31.2847324],[121.5019506,31.2847489],[121.5019263,31.2847616],[121.5018995,31.2847692],[121.5018659,31.2847739],[121.501832,31.2847737],[121.5017987,31.2847692],[121.5017704,31.2847616],[121.5017386,31.2847476],[121.5017134,31.2847302]]]},"properties":{"stable_id":"tongji-siping-way-1429461993","collision_type":"building","source_id":"way/1429461993"}},{"type":"Feature","id":"tongji-siping-way-1429461994","geometry":{"type":"Polygon","coordinates":[[[121.5020936,31.2850829],[121.5020035,31.2849035],[121.5020838,31.2848741],[121.5021529,31.2850117],[121.5021739,31.2850534],[121.5020936,31.2850829]]]},"properties":{"stable_id":"tongji-siping-way-1429461994","collision_type":"building","source_id":"way/1429461994"}},{"type":"Feature","id":"tongji-siping-way-1429461998","geometry":{"type":"Polygon","coordinates":[[[121.5017134,31.2847302],[121.5016754,31.2846957],[121.5017029,31.284675],[121.5017405,31.2847071],[121.5017134,31.2847302]]]},"properties":{"stable_id":"tongji-siping-way-1429461998","collision_type":"building","source_id":"way/1429461998"}},{"type":"Feature","id":"tongji-siping-way-1429461999","geometry":{"type":"Polygon","coordinates":[[[121.5015843,31.2845533],[121.5015791,31.2845181],[121.5015801,31.2844766],[121.5015871,31.2844391],[121.5016002,31.2844052],[121.5016132,31.2843805],[121.501631,31.2843573],[121.5016571,31.2843358],[121.501687,31.2843222],[121.5017221,31.2843106],[121.5017342,31.2843413],[121.5017071,31.2843497],[121.5016842,31.2843605],[121.5016613,31.2843801],[121.5016417,31.2844076],[121.501624,31.2844519],[121.5016188,31.284487],[121.5016174,31.2845157],[121.5016193,31.2845505],[121.5015843,31.2845533]]]},"properties":{"stable_id":"tongji-siping-way-1429461999","collision_type":"building","source_id":"way/1429461999"}},{"type":"Feature","id":"tongji-siping-way-1429462000","geometry":{"type":"LineString","coordinates":[[121.5017342,31.2843413],[121.501756,31.2843399],[121.5017831,31.2843394],[121.5017979,31.2843352],[121.5018053,31.2843278],[121.5018053,31.2843173],[121.5015182,31.2837696],[121.5014589,31.2836898],[121.5013752,31.2836004],[121.5013463,31.2835632],[121.50132,31.2835229],[121.5006917,31.2823269]]},"properties":{"stable_id":"tongji-siping-way-1429462000","collision_type":"barrier","source_id":"way/1429462000"}},{"type":"Feature","id":"tongji-siping-way-1429462001","geometry":{"type":"Polygon","coordinates":[[[121.5019691,31.2843088],[121.5019158,31.284211],[121.5019742,31.2841878],[121.5020274,31.2842857],[121.5019691,31.2843088]]]},"properties":{"stable_id":"tongji-siping-way-1429462001","collision_type":"building","source_id":"way/1429462001"}},{"type":"Feature","id":"tongji-siping-way-1429462002","geometry":{"type":"Polygon","coordinates":[[[121.5021903,31.2846416],[121.5021536,31.2845768],[121.5021804,31.2845657],[121.5022171,31.2846305],[121.5021903,31.2846416]]]},"properties":{"stable_id":"tongji-siping-way-1429462002","collision_type":"building","source_id":"way/1429462002"}},{"type":"Feature","id":"tongji-siping-way-1465759871","geometry":{"type":"Polygon","coordinates":[[[121.4950302,31.2864995],[121.4948684,31.2862228],[121.4948584,31.2862271],[121.4947735,31.2860828],[121.4947839,31.2860783],[121.494523,31.2856318],[121.4945114,31.2856368],[121.4944265,31.2854925],[121.4944385,31.2854873],[121.4942676,31.285195],[121.494804,31.284966],[121.4948782,31.2850928],[121.4944851,31.2852605],[121.4945817,31.2854257],[121.4945905,31.2854219],[121.4946295,31.2854881],[121.4946755,31.2855662],[121.4946661,31.2855703],[121.4947548,31.2857219],[121.4951479,31.2855542],[121.4952239,31.2856842],[121.4948308,31.285852],[121.494927,31.2860167],[121.4949375,31.2860122],[121.4949764,31.2860782],[121.4950225,31.2861565],[121.4950115,31.2861613],[121.495101,31.2863144],[121.4954942,31.2861466],[121.4955666,31.2862705],[121.4950302,31.2864995]]]},"properties":{"stable_id":"tongji-siping-way-1465759871","collision_type":"building","source_id":"way/1465759871"}},{"type":"Feature","id":"tongji-siping-way-1466443147","geometry":{"type":"Polygon","coordinates":[[[121.4985252,31.2841938],[121.4984749,31.2841],[121.4986128,31.2840461],[121.498663,31.2841399],[121.4985252,31.2841938]]]},"properties":{"stable_id":"tongji-siping-way-1466443147","collision_type":"building","source_id":"way/1466443147"}},{"type":"Feature","id":"tongji-siping-way-1487888831","geometry":{"type":"Polygon","coordinates":[[[121.5003192,31.2804733],[121.5003525,31.2803936],[121.5005968,31.2803077],[121.5007042,31.2803457],[121.5006702,31.2804515],[121.500589,31.2804276],[121.5004102,31.2805007],[121.5003192,31.2804733]]]},"properties":{"stable_id":"tongji-siping-way-1487888831","collision_type":"building","source_id":"way/1487888831"}},{"type":"Feature","id":"tongji-siping-way-1487888832","geometry":{"type":"Polygon","coordinates":[[[121.500793,31.2804643],[121.5008355,31.2803747],[121.5007419,31.2803286],[121.5007816,31.2802584],[121.5008582,31.2802971],[121.5009291,31.2802753],[121.5009602,31.2801954],[121.5010368,31.2802196],[121.5009999,31.2803092],[121.5011077,31.2803456],[121.5010765,31.2804183],[121.5010141,31.2803989],[121.5009177,31.2804328],[121.5008809,31.2805007],[121.500793,31.2804643]]]},"properties":{"stable_id":"tongji-siping-way-1487888832","collision_type":"building","source_id":"way/1487888832"}},{"type":"Feature","id":"tongji-siping-way-1489081642","geometry":{"type":"Polygon","coordinates":[[[121.4988754,31.2842962],[121.4986672,31.2839005],[121.4989936,31.283775],[121.4992018,31.2841708],[121.4988754,31.2842962]]]},"properties":{"stable_id":"tongji-siping-way-1489081642","collision_type":"building","source_id":"way/1489081642"}},{"type":"Feature","id":"tongji-siping-way-1489462970","geometry":{"type":"Polygon","coordinates":[[[121.4944537,31.2837468],[121.4944123,31.2836782],[121.4944371,31.2836514],[121.4943995,31.2835888],[121.494632,31.2834117],[121.4945602,31.2833549],[121.4945214,31.2833741],[121.4944582,31.2833137],[121.4944635,31.2833416],[121.494459,31.2833721],[121.4944446,31.2834002],[121.4944216,31.2834238],[121.4943917,31.2834408],[121.4943574,31.2834499],[121.4943215,31.2834505],[121.4942869,31.2834423],[121.4942563,31.2834262],[121.4942324,31.2834033],[121.4942169,31.2833756],[121.4942112,31.2833453],[121.4942157,31.2833149],[121.49423,31.2832868],[121.4942531,31.2832632],[121.494283,31.2832462],[121.4943172,31.283237],[121.4943531,31.2832365],[121.4943878,31.2832447],[121.4944183,31.2832608],[121.4944423,31.2832837],[121.4944456,31.2832896],[121.4944789,31.2832749],[121.4943938,31.2832082],[121.4947668,31.2830742],[121.4948575,31.2830416],[121.4950776,31.2829625],[121.495155,31.2831256],[121.4949422,31.2832123],[121.4949625,31.2832357],[121.4950101,31.2832842],[121.4948164,31.2834321],[121.494844,31.2834607],[121.4944537,31.2837468]]]},"properties":{"stable_id":"tongji-siping-way-1489462970","collision_type":"building","source_id":"way/1489462970"}},{"type":"Feature","id":"tongji-siping-way-1489485191","geometry":{"type":"Polygon","coordinates":[[[121.5028413,31.2803595],[121.5026718,31.2800199],[121.5027809,31.2799801],[121.5029504,31.2803198],[121.5028413,31.2803595]]]},"properties":{"stable_id":"tongji-siping-way-1489485191","collision_type":"building","source_id":"way/1489485191"}},{"type":"Feature","id":"tongji-siping-way-1489485192","geometry":{"type":"Polygon","coordinates":[[[121.5017,31.2806369],[121.5016398,31.2805162],[121.5021546,31.2803286],[121.5022148,31.2804493],[121.5017,31.2806369]]]},"properties":{"stable_id":"tongji-siping-way-1489485192","collision_type":"building","source_id":"way/1489485192"}},{"type":"Feature","id":"tongji-siping-way-1489485193","geometry":{"type":"Polygon","coordinates":[[[121.5012212,31.2803068],[121.5011548,31.2801737],[121.5017711,31.2799492],[121.5018374,31.2800822],[121.5012212,31.2803068]]]},"properties":{"stable_id":"tongji-siping-way-1489485193","collision_type":"building","source_id":"way/1489485193"}},{"type":"Feature","id":"tongji-siping-way-1489485197","geometry":{"type":"Polygon","coordinates":[[[121.5011645,31.2800719],[121.5010915,31.2799359],[121.5016401,31.279721],[121.501713,31.279857],[121.5011645,31.2800719]]]},"properties":{"stable_id":"tongji-siping-way-1489485197","collision_type":"building","source_id":"way/1489485197"}},{"type":"Feature","id":"tongji-siping-way-1489485200","geometry":{"type":"Polygon","coordinates":[[[121.5023062,31.2803423],[121.5026673,31.2802089],[121.5027313,31.2803354],[121.5023702,31.2804689],[121.5023062,31.2803423]]]},"properties":{"stable_id":"tongji-siping-way-1489485200","collision_type":"building","source_id":"way/1489485200"}},{"type":"Feature","id":"tongji-siping-way-1489485201","geometry":{"type":"Polygon","coordinates":[[[121.5022404,31.2802472],[121.50217,31.2801079],[121.5025623,31.2799629],[121.5026328,31.2801022],[121.5022404,31.2802472]]]},"properties":{"stable_id":"tongji-siping-way-1489485201","collision_type":"building","source_id":"way/1489485201"}},{"type":"Feature","id":"tongji-siping-way-1489485202","geometry":{"type":"Polygon","coordinates":[[[121.5013312,31.2805223],[121.5012711,31.2804035],[121.5018853,31.2801766],[121.5019454,31.2802953],[121.5013312,31.2805223]]]},"properties":{"stable_id":"tongji-siping-way-1489485202","collision_type":"building","source_id":"way/1489485202"}},{"type":"Feature","id":"tongji-siping-way-1521212116","geometry":{"type":"LineString","coordinates":[[121.4994669,31.2880853],[121.4994974,31.2881505],[121.4996543,31.2884859],[121.4997167,31.2886194]]},"properties":{"stable_id":"tongji-siping-way-1521212116","collision_type":"restricted","source_id":"way/1521212116"}},{"type":"Feature","id":"tongji-siping-way-177217556","geometry":{"type":"Polygon","coordinates":[[[121.5028877,31.2887297],[121.5023277,31.288976],[121.5009458,31.2895732],[121.500227,31.2898918],[121.5001331,31.2899331],[121.5000553,31.2899766],[121.499889,31.2900958],[121.4992346,31.2905886],[121.4991165,31.2906803],[121.4990683,31.2907284],[121.4989587,31.2908451],[121.4989046,31.2909026],[121.4984733,31.2913781],[121.4983312,31.2912979],[121.4988113,31.2907065],[121.4988462,31.2906653],[121.4988944,31.2906263],[121.4989722,31.2905621],[121.4993665,31.2902413],[121.4997635,31.2899364],[121.500029,31.289737],[121.5001605,31.2896453],[121.5001819,31.2896636],[121.5007371,31.2894253],[121.5017242,31.289015],[121.5024081,31.2887742],[121.5033723,31.2884109],[121.5037706,31.2882608],[121.5047389,31.2879055],[121.5050031,31.2878196],[121.5051748,31.2877772],[121.5053773,31.2877085],[121.5055544,31.2876924],[121.5056643,31.2876833],[121.5057663,31.2876764],[121.5058199,31.2876718],[121.5058757,31.287657],[121.5059943,31.2876099],[121.5060962,31.287548],[121.5062493,31.2874658],[121.5062586,31.2874576],[121.5062603,31.2874428],[121.5062625,31.2874265],[121.5062887,31.2873751],[121.5063761,31.2872915],[121.5064289,31.2872456],[121.5069781,31.2870496],[121.507047,31.2870271],[121.5072323,31.2869739],[121.5073151,31.2869501],[121.507365,31.2869444],[121.5074122,31.2869693],[121.5076733,31.2870896],[121.5079228,31.2871905],[121.5079898,31.2872088],[121.5081073,31.2872192],[121.5081395,31.2872078],[121.5082983,31.2871056],[121.5087113,31.2867664],[121.5087332,31.2867553],[121.5087733,31.2867422],[121.5088155,31.2867311],[121.5089369,31.2867179],[121.509107,31.2867166],[121.5092711,31.2867196],[121.5095053,31.2867435],[121.5096769,31.2867641],[121.5100176,31.2868122],[121.5102938,31.2868673],[121.5104762,31.2868696],[121.5105916,31.286865],[121.5107766,31.2868329],[121.5108598,31.2868168],[121.5110422,31.2867985],[121.5111736,31.2867893],[121.5112863,31.2867847],[121.5113801,31.2867893],[121.5114606,31.2867985],[121.5116457,31.2868329],[121.5121955,31.286975],[121.5126193,31.2871011],[121.5132872,31.2872913],[121.5133274,31.2873005],[121.5134025,31.2873096],[121.5136144,31.2873532],[121.5139765,31.2874036],[121.5150204,31.2876582],[121.5159211,31.2878758],[121.516251,31.2879583],[121.5164173,31.287995],[121.5165541,31.2880133],[121.5166534,31.2880156],[121.5167767,31.2880133],[121.516998,31.2880125],[121.5172228,31.2880364],[121.5173381,31.2881028],[121.517568,31.2881692],[121.5178496,31.2883159],[121.5182031,31.288528],[121.5182573,31.2885566],[121.5191827,31.2889783],[121.5193812,31.2890471],[121.5194284,31.2890588],[121.5194164,31.2890895],[121.5196341,31.2891474],[121.5196435,31.2891124],[121.5197218,31.2891319],[121.5205098,31.2893211],[121.5207673,31.2893532],[121.5209041,31.2893624],[121.521336,31.2893944],[121.5216369,31.2894207],[121.5217093,31.2894436],[121.5217817,31.2894734],[121.5218756,31.2895124],[121.5219668,31.2895651],[121.5220178,31.2896041],[121.5220687,31.2896522],[121.5221224,31.2897164],[121.5221519,31.2897691],[121.5223021,31.2900625],[121.5225793,31.2905043],[121.5226331,31.2905805],[121.5226724,31.2906219],[121.5227084,31.2906591],[121.5227688,31.2906997],[121.5230102,31.2908051],[121.5231738,31.2908555],[121.5234768,31.2909289],[121.5235116,31.2909426],[121.5235384,31.2909472],[121.5235756,31.2909439],[121.5236292,31.2909301],[121.5236833,31.2909197],[121.5237798,31.2909151],[121.5241607,31.2909312],[121.5242305,31.290938],[121.5243163,31.2909472],[121.524386,31.290961],[121.5244397,31.290977],[121.5245175,31.291016],[121.5245684,31.2910435],[121.5246623,31.2911214],[121.5248045,31.2912543],[121.5250754,31.291613],[121.5252893,31.2918663],[121.5253355,31.2919207],[121.5254254,31.2919775],[121.5255372,31.2920503],[121.5259534,31.2921919],[121.5265769,31.2924715],[121.5278675,31.293065],[121.5288734,31.2935303],[121.5295815,31.2938672],[121.5302279,31.2942408],[121.5303083,31.2942936],[121.5306812,31.2945639],[121.5309762,31.2947908],[121.5312713,31.2949948],[121.531746,31.2953202],[121.5331649,31.2962324],[121.5343424,31.297014],[121.5347018,31.2972615],[121.5352808,31.2976181],[121.5353773,31.2976571],[121.5354743,31.2977015],[121.5355383,31.2977488],[121.5363621,31.2981255],[121.5372472,31.2985289],[121.5375959,31.2986825],[121.5377676,31.298781],[121.5379768,31.2989254],[121.5380251,31.2989644],[121.5381994,31.2991386],[121.5382343,31.2991821],[121.5382423,31.2992211],[121.5382477,31.2992715],[121.5382477,31.2993471],[121.5382477,31.2993975],[121.5383174,31.299535],[121.5383389,31.2995557],[121.5384059,31.299613],[121.5384408,31.2996496],[121.5384676,31.2996978],[121.5384891,31.2997436],[121.5385132,31.2998169],[121.5385159,31.2998926],[121.5385132,31.299998],[121.5385025,31.3000668],[121.5383818,31.300438],[121.5382826,31.3007245],[121.5382691,31.300768],[121.5382691,31.3008299],[121.5382906,31.3009147],[121.5383228,31.301011],[121.5383603,31.3010866],[121.5384301,31.3012035],[121.5385347,31.3013204],[121.5386178,31.3014029],[121.538701,31.3014648],[121.5388029,31.3015129],[121.5390872,31.3016389],[121.5395539,31.3018177],[121.5398758,31.3019415],[121.5403371,31.302134],[121.5408387,31.3024892],[121.5409272,31.302535],[121.5410019,31.3025822],[121.5410582,31.3026372],[121.5411119,31.3026922],[121.5411521,31.302745],[121.5411897,31.3028275],[121.5412058,31.3028641],[121.5412272,31.3031735],[121.5412353,31.3031987],[121.5413908,31.3036273],[121.541423,31.3036846],[121.5414498,31.3037212],[121.5414954,31.3037533],[121.5415437,31.3037808],[121.5415974,31.3037946],[121.5428178,31.3039619],[121.5441937,31.3041567],[121.5454919,31.3043377],[121.546935,31.3045417],[121.5486435,31.3047754],[121.550226,31.3049909],[121.5511165,31.3051123],[121.5511357,31.3051476],[121.5512752,31.3051797],[121.5513771,31.305198],[121.551648,31.3052278],[121.5516281,31.3054012],[121.5516201,31.3054057],[121.5516137,31.3054112],[121.5516112,31.30542],[121.5516116,31.3054281],[121.5516168,31.3054333],[121.5516241,31.3054357],[121.5516024,31.3056243],[121.5513154,31.3056151],[121.5507173,31.305418],[121.5506073,31.3053837],[121.5505376,31.3053699],[121.5504947,31.305363],[121.5496793,31.3052691],[121.5483646,31.305094],[121.5475492,31.3049817],[121.5475465,31.3049977],[121.5469859,31.3049084],[121.545618,31.3047021],[121.5456046,31.3048075],[121.5445692,31.3046906],[121.544588,31.3045623],[121.5438906,31.3044706],[121.5438531,31.3046288],[121.5435921,31.3045643],[121.5436157,31.3044797],[121.5436471,31.3044881],[121.54366,31.3044133],[121.5432845,31.3043561],[121.5432711,31.3044088],[121.5433086,31.3044133],[121.5432872,31.3045165],[121.5425898,31.3043927],[121.542609,31.304224],[121.5421396,31.3041507],[121.5420725,31.3041415],[121.541807,31.3041186],[121.5415575,31.3040911],[121.5411933,31.3040346],[121.5410502,31.3036892],[121.5409563,31.3034508],[121.5409322,31.3033775],[121.5409058,31.3032661],[121.540895,31.3032111],[121.5408785,31.3031048],[121.5408467,31.302865],[121.5408333,31.3028421],[121.5408065,31.3028261],[121.5403264,31.3025534],[121.5402272,31.3025006],[121.539511,31.3021683],[121.5390949,31.3020024],[121.538929,31.3019254],[121.5388619,31.3018933],[121.5388431,31.3018865],[121.5388136,31.3018865],[121.53876,31.3018498],[121.5386822,31.3017994],[121.5384649,31.3016619],[121.5384086,31.301616],[121.5380546,31.3012264],[121.5379661,31.3009904],[121.5379607,31.3009079],[121.5379607,31.3008689],[121.5379714,31.3008093],[121.5380572,31.3003876],[121.5381323,31.2999659],[121.5381404,31.2998994],[121.5381297,31.2998467],[121.5381163,31.2997963],[121.5380868,31.2997436],[121.5380707,31.2997276],[121.5381028,31.2997023],[121.5381163,31.2996748],[121.5381163,31.2996519],[121.5380277,31.2994525],[121.5379929,31.2994067],[121.5379446,31.2993769],[121.5378722,31.2993013],[121.5378319,31.2992692],[121.5377193,31.2991844],[121.5374936,31.2990253],[121.5372897,31.2988534],[121.5372204,31.2988154],[121.5361958,31.2983364],[121.5354609,31.2980041],[121.5353616,31.2979491],[121.5352034,31.2978597],[121.5346535,31.2975434],[121.5338059,31.2969956],[121.5331579,31.296576],[121.5331434,31.296551],[121.5325641,31.2961843],[121.5314322,31.2954578],[121.530995,31.2951713],[121.530944,31.2951323],[121.5306248,31.2948481],[121.5302627,31.294557],[121.5301394,31.2944722],[121.5299033,31.2943119],[121.5297612,31.2942225],[121.5291523,31.2939291],[121.5280714,31.2934386],[121.52633,31.2926526],[121.5253624,31.2922078],[121.5253355,31.2921895],[121.5250941,31.2919993],[121.5245818,31.2914102],[121.5244289,31.2912681],[121.5243753,31.2912245],[121.5243538,31.2912154],[121.5242412,31.291197],[121.523812,31.291197],[121.5235438,31.2911902],[121.5233802,31.291165],[121.5229619,31.2910206],[121.5228761,31.2909931],[121.5227742,31.2909564],[121.5227495,31.2909473],[121.5225617,31.290827],[121.5225108,31.2907823],[121.5224115,31.2906849],[121.5223968,31.2906688],[121.5223619,31.2905909],[121.5223297,31.2905072],[121.5223096,31.2904499],[121.5223002,31.2904305],[121.5222747,31.2903858],[121.5222385,31.2903399],[121.5222063,31.290309],[121.5221715,31.2902809],[121.5221614,31.2902763],[121.5221292,31.2902626],[121.5221084,31.2902316],[121.5221037,31.2901875],[121.5221011,31.2901623],[121.5220984,31.2901531],[121.5220642,31.290066],[121.5220441,31.2900242],[121.5220394,31.2900179],[121.5219884,31.2899572],[121.5219482,31.2899274],[121.5219187,31.2899113],[121.5218985,31.2898872],[121.5218959,31.289854],[121.5218677,31.2898001],[121.5218422,31.2897646],[121.5218255,31.289748],[121.5218067,31.2897302],[121.521739,31.2896827],[121.5216766,31.2896563],[121.5216437,31.2896471],[121.5215767,31.2896363],[121.5215204,31.2896368],[121.5214506,31.289646],[121.5214137,31.2896598],[121.52134,31.2896552],[121.5213132,31.2896368],[121.5212562,31.2896156],[121.5211227,31.289591],[121.5210309,31.2895818],[121.5209517,31.2895881],[121.5207794,31.2896042],[121.5207318,31.2896047],[121.5206268,31.2895819],[121.5204025,31.2895257],[121.5197789,31.2893709],[121.5194678,31.2892965],[121.519257,31.2892474],[121.5192421,31.2892405],[121.5192336,31.2892304],[121.5192283,31.2892144],[121.518724,31.2890012],[121.5183579,31.2888306],[121.5178818,31.2885978],[121.5176858,31.2885038],[121.5174661,31.2883984],[121.5171812,31.2882644],[121.5171356,31.2882484],[121.5169988,31.2882163],[121.5169237,31.2882003],[121.5168706,31.2882013],[121.5168223,31.2882013],[121.5167633,31.2882036],[121.5167419,31.2882242],[121.5167177,31.2882746],[121.5165541,31.2882448],[121.5165353,31.2881944],[121.5165273,31.2881807],[121.5165085,31.2881692],[121.5162537,31.2881211],[121.5162027,31.2881142],[121.5161625,31.2881142],[121.516125,31.2881211],[121.516082,31.2881325],[121.5159453,31.2880913],[121.5152747,31.2879262],[121.5144946,31.287747],[121.513522,31.287496],[121.5123752,31.2872134],[121.5113319,31.2869567],[121.5112594,31.2869429],[121.5112085,31.2869452],[121.5107605,31.2870277],[121.510554,31.2870552],[121.5101839,31.2870988],[121.5101329,31.2870942],[121.5099398,31.2870621],[121.5092285,31.28688],[121.5091641,31.2868616],[121.5091212,31.2868571],[121.5090675,31.2868616],[121.5090219,31.2868777],[121.5089715,31.2869108],[121.5083734,31.2873303],[121.5082312,31.2874036],[121.5081997,31.2874142],[121.5081427,31.2874334],[121.5080917,31.287438],[121.5080461,31.2874403],[121.5079925,31.2874334],[121.5079469,31.2874197],[121.5079094,31.2874034],[121.5075461,31.2872459],[121.5074024,31.2871836],[121.5073702,31.2871721],[121.5073193,31.2871629],[121.5072629,31.2871652],[121.5072093,31.2871744],[121.5068443,31.2872942],[121.5067694,31.2873188],[121.5064636,31.2874403],[121.5064127,31.2874724],[121.5063644,31.2875182],[121.5062839,31.2876305],[121.506241,31.2876649],[121.5059079,31.2878243],[121.5058789,31.2878323],[121.5054605,31.2878804],[121.5051842,31.2879308],[121.5050179,31.2879698],[121.5047772,31.2880445],[121.5046079,31.288097],[121.5042807,31.2882101],[121.5038576,31.288366],[121.5038371,31.2883922],[121.5038316,31.2884127],[121.5038437,31.2884374],[121.5033979,31.2885932],[121.5033818,31.2885703],[121.5033711,31.2885543],[121.503355,31.2885405],[121.5033373,31.2885347],[121.503311,31.2885382],[121.5032879,31.2885451],[121.5030492,31.2886574],[121.5028877,31.2887297]]]},"properties":{"stable_id":"tongji-siping-way-177217556","collision_type":"water","source_id":"way/177217556"}},{"type":"Feature","id":"tongji-siping-way-181555241","geometry":{"type":"Polygon","coordinates":[[[121.4954947,31.283304],[121.4955591,31.2833028],[121.4956261,31.2832982],[121.4957052,31.2832741],[121.4957669,31.2832375],[121.4959601,31.2830829],[121.4959909,31.2831401],[121.4960396,31.2832378],[121.4960098,31.2832617],[121.4960504,31.2833205],[121.4961372,31.2834039],[121.4956039,31.2836066],[121.4954518,31.2833693],[121.4954451,31.2833466],[121.4954478,31.2833257],[121.4954689,31.2833117],[121.4954947,31.283304]]]},"properties":{"stable_id":"tongji-siping-way-181555241","collision_type":"building","source_id":"way/181555241"}},{"type":"Feature","id":"tongji-siping-way-181555246","geometry":{"type":"Polygon","coordinates":[[[121.4986955,31.2882392],[121.4986378,31.2881157],[121.4990932,31.2879604],[121.4991509,31.2880839],[121.4986955,31.2882392]]]},"properties":{"stable_id":"tongji-siping-way-181555246","collision_type":"building","source_id":"way/181555246"}},{"type":"Feature","id":"tongji-siping-way-181555253","geometry":{"type":"Polygon","coordinates":[[[121.5021998,31.2866839],[121.5019832,31.2862705],[121.5022146,31.2861819],[121.5024748,31.2860824],[121.5026914,31.2864958],[121.5021998,31.2866839]]]},"properties":{"stable_id":"tongji-siping-way-181555253","collision_type":"building","source_id":"way/181555253"}},{"type":"Feature","id":"tongji-siping-way-181555254","geometry":{"type":"Polygon","coordinates":[[[121.4993142,31.287622],[121.4992545,31.2875214],[121.4997079,31.2873638],[121.4998221,31.2875844],[121.4996328,31.2876559],[121.499592,31.2875769],[121.4997184,31.2875291],[121.4997055,31.2875015],[121.4995143,31.2875782],[121.4995014,31.2875546],[121.4993142,31.287622]]]},"properties":{"stable_id":"tongji-siping-way-181555254","collision_type":"building","source_id":"way/181555254"}},{"type":"Feature","id":"tongji-siping-way-183383457","geometry":{"type":"Polygon","coordinates":[[[121.4952296,31.2830334],[121.4952324,31.283015],[121.4952533,31.2830072],[121.4952115,31.2829323],[121.4957447,31.2827062],[121.4957921,31.2828049],[121.4958058,31.2827955],[121.4958233,31.2827988],[121.4958337,31.2828076],[121.4958321,31.2828294],[121.4958228,31.2828396],[121.4958292,31.2828635],[121.4958488,31.2828615],[121.4958551,31.2828729],[121.4955537,31.2830967],[121.4955231,31.2831178],[121.4955213,31.2831425],[121.4955159,31.2831774],[121.4955028,31.2832069],[121.4954847,31.2832357],[121.4954603,31.2832499],[121.4954169,31.2832621],[121.4953722,31.2832576],[121.495334,31.2832403],[121.4953134,31.2832133],[121.4953015,31.2831901],[121.4952963,31.2831597],[121.4952994,31.283128],[121.4952865,31.2831259],[121.4952877,31.2831038],[121.4952993,31.2830654],[121.4953051,31.2830396],[121.4952547,31.2830571],[121.4952296,31.2830334]]]},"properties":{"stable_id":"tongji-siping-way-183383457","collision_type":"building","source_id":"way/183383457"}},{"type":"Feature","id":"tongji-siping-way-183383458","geometry":{"type":"Polygon","coordinates":[[[121.4969114,31.2871577],[121.4967821,31.2869306],[121.4971981,31.2867576],[121.4973273,31.2869847],[121.4971757,31.2870478],[121.4972143,31.2871156],[121.4973971,31.2870396],[121.4975008,31.2872217],[121.4970537,31.2874076],[121.49695,31.2872255],[121.497137,31.2871478],[121.4970984,31.2870799],[121.4969114,31.2871577]]]},"properties":{"stable_id":"tongji-siping-way-183383458","collision_type":"building","source_id":"way/183383458"}},{"type":"Feature","id":"tongji-siping-way-183383459","geometry":{"type":"Polygon","coordinates":[[[121.4952343,31.2879218],[121.4952523,31.2877714],[121.4957016,31.2878106],[121.4957279,31.2875908],[121.4961387,31.2876266],[121.4961634,31.2874199],[121.4967938,31.2874749],[121.4967751,31.2876315],[121.4963283,31.2875926],[121.4963037,31.2877993],[121.495885,31.2877628],[121.4958595,31.2879763],[121.4952343,31.2879218]]]},"properties":{"stable_id":"tongji-siping-way-183383459","collision_type":"building","source_id":"way/183383459"}},{"type":"Feature","id":"tongji-siping-way-183383460","geometry":{"type":"Polygon","coordinates":[[[121.5000795,31.2876141],[121.4999704,31.2874083],[121.5000459,31.2873791],[121.5000007,31.2872939],[121.5003934,31.2871419],[121.5004426,31.2872347],[121.5004938,31.2872148],[121.5004681,31.2871665],[121.5006278,31.2871047],[121.5006576,31.287161],[121.5008958,31.2870689],[121.5009967,31.2872592],[121.5000795,31.2876141]]]},"properties":{"stable_id":"tongji-siping-way-183383460","collision_type":"building","source_id":"way/183383460"}},{"type":"Feature","id":"tongji-siping-way-183383462","geometry":{"type":"Polygon","coordinates":[[[121.4995028,31.2872319],[121.4994449,31.2871183],[121.4995792,31.2870683],[121.4995309,31.2869736],[121.499395,31.2870242],[121.4993383,31.2869128],[121.4997238,31.2867693],[121.499774,31.2868678],[121.4996083,31.2869294],[121.4996567,31.2870243],[121.5000858,31.2868645],[121.5000594,31.2868127],[121.5001597,31.2867754],[121.5001899,31.2868346],[121.5003717,31.286767],[121.5004323,31.2868859],[121.4995028,31.2872319]]]},"properties":{"stable_id":"tongji-siping-way-183383462","collision_type":"building","source_id":"way/183383462"}},{"type":"Feature","id":"tongji-siping-way-183383463","geometry":{"type":"Polygon","coordinates":[[[121.5016292,31.2855285],[121.501566,31.2854087],[121.5017012,31.2853567],[121.5016031,31.2851706],[121.5014724,31.2852209],[121.5014128,31.2851077],[121.501961,31.2848966],[121.5020227,31.2850136],[121.5017146,31.2851322],[121.5017398,31.28518],[121.5020148,31.2850741],[121.502065,31.2851694],[121.5017902,31.2852753],[121.5018135,31.2853196],[121.5021243,31.2852],[121.5021847,31.2853146],[121.5016292,31.2855285]]]},"properties":{"stable_id":"tongji-siping-way-183383463","collision_type":"building","source_id":"way/183383463"}},{"type":"Feature","id":"tongji-siping-way-183383464","geometry":{"type":"Polygon","coordinates":[[[121.5009024,31.2834558],[121.5008118,31.2832904],[121.500928,31.2832617],[121.5008306,31.2830682],[121.5006142,31.2830656],[121.5006112,31.2831406],[121.5003946,31.2832176],[121.5003759,31.283091],[121.5004962,31.2830525],[121.5005074,31.2829336],[121.5006783,31.2829319],[121.5006445,31.2827336],[121.5004618,31.2827782],[121.5004838,31.2828216],[121.5002551,31.2828882],[121.5001803,31.2827899],[121.5003174,31.2827484],[121.5002789,31.2826696],[121.5007606,31.2825948],[121.5008245,31.282928],[121.500914,31.2829291],[121.50114,31.2833656],[121.5009024,31.2834558]]]},"properties":{"stable_id":"tongji-siping-way-183383464","collision_type":"building","source_id":"way/183383464"}},{"type":"Feature","id":"tongji-siping-way-183383465","geometry":{"type":"Polygon","coordinates":[[[121.4975793,31.2882532],[121.4974967,31.2881182],[121.4979552,31.2879134],[121.4980378,31.2880484],[121.4975793,31.2882532]]]},"properties":{"stable_id":"tongji-siping-way-183383465","collision_type":"building","source_id":"way/183383465"}},{"type":"Feature","id":"tongji-siping-way-183383466","geometry":{"type":"Polygon","coordinates":[[[121.5006586,31.283692],[121.5005778,31.2835289],[121.500792,31.2834514],[121.5008727,31.2836145],[121.5006586,31.283692]]]},"properties":{"stable_id":"tongji-siping-way-183383466","collision_type":"building","source_id":"way/183383466"}},{"type":"Feature","id":"tongji-siping-way-183383467","geometry":{"type":"Polygon","coordinates":[[[121.4971975,31.2876805],[121.4971149,31.2875455],[121.4975733,31.2873407],[121.4976559,31.2874757],[121.4971975,31.2876805]]]},"properties":{"stable_id":"tongji-siping-way-183383467","collision_type":"building","source_id":"way/183383467"}},{"type":"Feature","id":"tongji-siping-way-183383470","geometry":{"type":"Polygon","coordinates":[[[121.4973663,31.2879659],[121.4972837,31.2878309],[121.4977421,31.2876261],[121.4978247,31.2877611],[121.4973663,31.2879659]]]},"properties":{"stable_id":"tongji-siping-way-183383470","collision_type":"building","source_id":"way/183383470"}},{"type":"Feature","id":"tongji-siping-way-183383471","geometry":{"type":"Polygon","coordinates":[[[121.5010866,31.2872494],[121.5009759,31.2870313],[121.5015323,31.2868252],[121.501643,31.2870433],[121.5010866,31.2872494]]]},"properties":{"stable_id":"tongji-siping-way-183383471","collision_type":"building","source_id":"way/183383471"}},{"type":"Feature","id":"tongji-siping-way-183383472","geometry":{"type":"Polygon","coordinates":[[[121.4990917,31.2848496],[121.4990764,31.2848211],[121.4988991,31.2848905],[121.4988921,31.2848775],[121.4988676,31.2848871],[121.4988176,31.2847938],[121.4988488,31.2847816],[121.4988423,31.2847694],[121.4990129,31.2847027],[121.4990034,31.284685],[121.4990336,31.2846732],[121.4990642,31.2846612],[121.499073,31.2846777],[121.4995724,31.2844805],[121.499556,31.2844507],[121.4996241,31.2844234],[121.4997011,31.2843925],[121.4997179,31.2844231],[121.5002208,31.2842246],[121.500212,31.2842082],[121.5002389,31.2841974],[121.5002669,31.2841862],[121.5002802,31.2842103],[121.5004673,31.2841346],[121.5004777,31.2841533],[121.5005056,31.284142],[121.5005512,31.2842243],[121.5005125,31.28424],[121.500522,31.2842571],[121.5003456,31.2843285],[121.5003576,31.2843503],[121.5003321,31.2843605],[121.5003023,31.2843724],[121.5002884,31.2843467],[121.4997041,31.2845773],[121.4991388,31.2848003],[121.4991525,31.2848257],[121.4991212,31.284838],[121.4990917,31.2848496]]]},"properties":{"stable_id":"tongji-siping-way-183383472","collision_type":"building","source_id":"way/183383472"}},{"type":"Feature","id":"tongji-siping-way-183383473","geometry":{"type":"Polygon","coordinates":[[[121.4954749,31.284635],[121.4953995,31.2844908],[121.4964475,31.2840906],[121.4965229,31.2842349],[121.4954749,31.284635]]]},"properties":{"stable_id":"tongji-siping-way-183383473","collision_type":"building","source_id":"way/183383473"}},{"type":"Feature","id":"tongji-siping-way-183383474","geometry":{"type":"Polygon","coordinates":[[[121.4995971,31.2863207],[121.4995133,31.2861637],[121.5003782,31.2858251],[121.5011915,31.2855096],[121.5012753,31.2856666],[121.4995971,31.2863207]]]},"properties":{"stable_id":"tongji-siping-way-183383474","collision_type":"building","source_id":"way/183383474"}},{"type":"Feature","id":"tongji-siping-way-183383475","geometry":{"type":"Polygon","coordinates":[[[121.5006415,31.286976],[121.5005685,31.2868399],[121.5013698,31.2865263],[121.5014428,31.2866624],[121.5006415,31.286976]]]},"properties":{"stable_id":"tongji-siping-way-183383475","collision_type":"building","source_id":"way/183383475"}},{"type":"Feature","id":"tongji-siping-way-183383476","geometry":{"type":"Polygon","coordinates":[[[121.4954549,31.2852054],[121.4953252,31.284997],[121.4954662,31.2849329],[121.4955959,31.2851413],[121.4954549,31.2852054]]]},"properties":{"stable_id":"tongji-siping-way-183383476","collision_type":"building","source_id":"way/183383476"}},{"type":"Feature","id":"tongji-siping-way-183383477","geometry":{"type":"Polygon","coordinates":[[[121.5022765,31.2859159],[121.5022008,31.2857669],[121.502149,31.2857626],[121.5021538,31.2857207],[121.5021581,31.2856828],[121.5020981,31.2855647],[121.5022475,31.2855093],[121.5024259,31.2858604],[121.5022765,31.2859159]]]},"properties":{"stable_id":"tongji-siping-way-183383477","collision_type":"building","source_id":"way/183383477"}},{"type":"Feature","id":"tongji-siping-way-183383478","geometry":{"type":"Polygon","coordinates":[[[121.496642,31.2880691],[121.4971244,31.2881408],[121.4970808,31.2883551],[121.4974847,31.2884151],[121.4974531,31.2885706],[121.4968895,31.2884868],[121.496936,31.2882582],[121.4966133,31.2882103],[121.496642,31.2880691]]]},"properties":{"stable_id":"tongji-siping-way-183383478","collision_type":"building","source_id":"way/183383478"}},{"type":"Feature","id":"tongji-siping-way-183383480","geometry":{"type":"Polygon","coordinates":[[[121.5004673,31.2866563],[121.5004086,31.2865426],[121.5006052,31.2864685],[121.500573,31.2864061],[121.500682,31.286365],[121.500706,31.2864116],[121.5012356,31.286212],[121.5013025,31.2863415],[121.5004673,31.2866563]]]},"properties":{"stable_id":"tongji-siping-way-183383480","collision_type":"building","source_id":"way/183383480"}},{"type":"Feature","id":"tongji-siping-way-183383481","geometry":{"type":"Polygon","coordinates":[[[121.4977136,31.2885136],[121.497649,31.2883878],[121.4978954,31.2882953],[121.4979371,31.2883765],[121.4984744,31.2881749],[121.4985363,31.2882956],[121.497909,31.2885203],[121.4978741,31.2884532],[121.4977136,31.2885136]]]},"properties":{"stable_id":"tongji-siping-way-183383481","collision_type":"building","source_id":"way/183383481"}},{"type":"Feature","id":"tongji-siping-way-183383483","geometry":{"type":"Polygon","coordinates":[[[121.4996332,31.2841654],[121.4993684,31.2836625],[121.4994103,31.2836464],[121.4993808,31.2835903],[121.4990845,31.2837041],[121.4990958,31.2837256],[121.4990133,31.2837573],[121.4989835,31.2837006],[121.4990374,31.2836799],[121.4989972,31.2836035],[121.4993212,31.283479],[121.4993107,31.2834592],[121.4999425,31.2832161],[121.5000304,31.2833829],[121.4994571,31.2836035],[121.4995937,31.2838628],[121.5001594,31.2836451],[121.5002116,31.2837443],[121.4996478,31.2839612],[121.4996789,31.2840203],[121.49997,31.2839137],[121.5000196,31.284018],[121.4997347,31.2841263],[121.4996332,31.2841654]]]},"properties":{"stable_id":"tongji-siping-way-183383483","collision_type":"building","source_id":"way/183383483"}},{"type":"Feature","id":"tongji-siping-way-183383511","geometry":{"type":"Polygon","coordinates":[[[121.4984365,31.2866132],[121.4983492,31.2864694],[121.4986479,31.2863368],[121.4987353,31.2864806],[121.4984365,31.2866132]]]},"properties":{"stable_id":"tongji-siping-way-183383511","collision_type":"building","source_id":"way/183383511"}},{"type":"Feature","id":"tongji-siping-way-183383514","geometry":{"type":"Polygon","coordinates":[[[121.5003521,31.2839944],[121.5003349,31.2839617],[121.5002116,31.2837443],[121.5002006,31.2837067],[121.500394,31.2836323],[121.5005455,31.28392],[121.5003521,31.2839944]]]},"properties":{"stable_id":"tongji-siping-way-183383514","collision_type":"building","source_id":"way/183383514"}},{"type":"Feature","id":"tongji-siping-way-183383951","geometry":{"type":"Polygon","coordinates":[[[121.4986976,31.2869802],[121.4986202,31.2868595],[121.4987956,31.2867774],[121.4988128,31.2868043],[121.4992299,31.286609],[121.4991441,31.2864752],[121.4990807,31.2863763],[121.4990637,31.2863497],[121.4991906,31.2862903],[121.4993765,31.2865802],[121.4993052,31.2866136],[121.4993457,31.2866767],[121.4986976,31.2869802]]]},"properties":{"stable_id":"tongji-siping-way-183383951","collision_type":"building","source_id":"way/183383951"}},{"type":"Feature","id":"tongji-siping-way-183383952","geometry":{"type":"Polygon","coordinates":[[[121.4985522,31.2839201],[121.498122,31.2840836],[121.4980466,31.2839387],[121.4976555,31.2840872],[121.4977369,31.2842437],[121.4973108,31.2844056],[121.4972431,31.2842754],[121.4976019,31.2841391],[121.4975248,31.2839909],[121.4980367,31.2837963],[121.4981169,31.2839503],[121.4984934,31.2838072],[121.4985522,31.2839201]]]},"properties":{"stable_id":"tongji-siping-way-183383952","collision_type":"building","source_id":"way/183383952"}},{"type":"Feature","id":"tongji-siping-way-183383954","geometry":{"type":"Polygon","coordinates":[[[121.4977518,31.28668],[121.4978702,31.286602],[121.4979556,31.2865502],[121.4979887,31.2865488],[121.4980161,31.286545],[121.4980417,31.286535],[121.4980653,31.2865156],[121.4980866,31.2864937],[121.4980996,31.2864748],[121.4981111,31.2864855],[121.4981587,31.2864611],[121.4982052,31.2865359],[121.49825,31.2865742],[121.498276,31.2866108],[121.4982914,31.2866587],[121.4982883,31.2866837],[121.4983307,31.2867639],[121.4982518,31.2868081],[121.4982859,31.2868655],[121.4983691,31.2868071],[121.4984124,31.2868625],[121.498439,31.2869251],[121.498323,31.2869603],[121.4982643,31.2869852],[121.4981227,31.2870701],[121.4980516,31.2869551],[121.4982289,31.2868977],[121.498194,31.2868469],[121.4981112,31.2868687],[121.4978133,31.28699],[121.497652,31.2867331],[121.4977066,31.2867098],[121.4976873,31.2866846],[121.4976741,31.2866928],[121.4976562,31.286702],[121.4976299,31.2867081],[121.4976071,31.2867112],[121.4975748,31.2867112],[121.4975533,31.2867091],[121.4975366,31.2866989],[121.497527,31.2866815],[121.4975282,31.2866611],[121.4975366,31.2866447],[121.4975533,31.2866284],[121.4975701,31.2866141],[121.4975892,31.2866008],[121.4976107,31.2865895],[121.4976406,31.2865793],[121.4976693,31.2865773],[121.4976968,31.2865762],[121.4977184,31.2865783],[121.4977399,31.2865865],[121.4977459,31.2866049],[121.4977542,31.2866243],[121.4977495,31.2866396],[121.4977375,31.286656],[121.4977518,31.28668]]]},"properties":{"stable_id":"tongji-siping-way-183383954","collision_type":"building","source_id":"way/183383954"}},{"type":"Feature","id":"tongji-siping-way-183383955","geometry":{"type":"Polygon","coordinates":[[[121.4985857,31.2870886],[121.4982695,31.2872316],[121.4981943,31.2871102],[121.4985106,31.2869672],[121.4985857,31.2870886]]]},"properties":{"stable_id":"tongji-siping-way-183383955","collision_type":"building","source_id":"way/183383955"}},{"type":"Feature","id":"tongji-siping-way-183383956","geometry":{"type":"Polygon","coordinates":[[[121.4980047,31.2871779],[121.4979233,31.2870489],[121.4980148,31.2870067],[121.4980962,31.2871358],[121.4980047,31.2871779]]]},"properties":{"stable_id":"tongji-siping-way-183383956","collision_type":"building","source_id":"way/183383956"}},{"type":"Feature","id":"tongji-siping-way-183383957","geometry":{"type":"Polygon","coordinates":[[[121.4979838,31.2845021],[121.4981005,31.2844565],[121.4983809,31.2843471],[121.498726,31.2842126],[121.498874,31.2844901],[121.4986308,31.2845848],[121.4982647,31.2847274],[121.4982121,31.2846287],[121.4981958,31.2846351],[121.4980787,31.2846805],[121.4979838,31.2845021]]]},"properties":{"stable_id":"tongji-siping-way-183383957","collision_type":"building","source_id":"way/183383957"}},{"type":"Feature","id":"tongji-siping-way-183383958","geometry":{"type":"Polygon","coordinates":[[[121.497134,31.2861938],[121.4970555,31.2860627],[121.4975617,31.2858413],[121.4976401,31.2859723],[121.497134,31.2861938]]]},"properties":{"stable_id":"tongji-siping-way-183383958","collision_type":"building","source_id":"way/183383958"}},{"type":"Feature","id":"tongji-siping-way-183383959","geometry":{"type":"Polygon","coordinates":[[[121.4968898,31.2856711],[121.4968058,31.2855306],[121.4972025,31.2853573],[121.4972866,31.2854979],[121.4968898,31.2856711]]]},"properties":{"stable_id":"tongji-siping-way-183383959","collision_type":"building","source_id":"way/183383959"}},{"type":"Feature","id":"tongji-siping-way-183383960","geometry":{"type":"Polygon","coordinates":[[[121.4982425,31.2872493],[121.4980678,31.2873295],[121.4979945,31.2872129],[121.4981691,31.2871327],[121.4982425,31.2872493]]]},"properties":{"stable_id":"tongji-siping-way-183383960","collision_type":"building","source_id":"way/183383960"}},{"type":"Feature","id":"tongji-siping-way-183383961","geometry":{"type":"Polygon","coordinates":[[[121.4979494,31.287384],[121.4978447,31.2872175],[121.4979631,31.2871631],[121.4979945,31.2872129],[121.4980678,31.2873295],[121.4979494,31.287384]]]},"properties":{"stable_id":"tongji-siping-way-183383961","collision_type":"building","source_id":"way/183383961"}},{"type":"Feature","id":"tongji-siping-way-183383962","geometry":{"type":"Polygon","coordinates":[[[121.4979832,31.2847375],[121.4980378,31.2848354],[121.497777,31.2849416],[121.4977942,31.2849737],[121.4977361,31.2849963],[121.4977146,31.2849557],[121.497625,31.284991],[121.4976093,31.2849619],[121.4976314,31.2849532],[121.497598,31.2848955],[121.4975766,31.2848577],[121.4978405,31.2847482],[121.497862,31.284786],[121.4979832,31.2847375]]]},"properties":{"stable_id":"tongji-siping-way-183383962","collision_type":"building","source_id":"way/183383962"}},{"type":"Feature","id":"tongji-siping-way-183383963","geometry":{"type":"Polygon","coordinates":[[[121.496999,31.2858622],[121.4969551,31.2857871],[121.4973505,31.285618],[121.4974094,31.2857186],[121.4972124,31.2858029],[121.4971975,31.2857774],[121.496999,31.2858622]]]},"properties":{"stable_id":"tongji-siping-way-183383963","collision_type":"building","source_id":"way/183383963"}},{"type":"Feature","id":"tongji-siping-way-183383964","geometry":{"type":"Polygon","coordinates":[[[121.4985713,31.2868366],[121.4984749,31.2866757],[121.498624,31.2866105],[121.498669,31.2866856],[121.498614,31.2867097],[121.4986654,31.2867955],[121.4985713,31.2868366]]]},"properties":{"stable_id":"tongji-siping-way-183383964","collision_type":"building","source_id":"way/183383964"}},{"type":"Feature","id":"tongji-siping-way-183383965","geometry":{"type":"Polygon","coordinates":[[[121.4988356,31.2866826],[121.4987741,31.2865866],[121.498904,31.2865258],[121.4988711,31.2864745],[121.4990807,31.2863763],[121.4991441,31.2864752],[121.4989631,31.2865599],[121.4989941,31.2866084],[121.4988356,31.2866826]]]},"properties":{"stable_id":"tongji-siping-way-183383965","collision_type":"building","source_id":"way/183383965"}},{"type":"Feature","id":"tongji-siping-way-183383966","geometry":{"type":"Polygon","coordinates":[[[121.4975843,31.2847836],[121.4975169,31.2846615],[121.4977882,31.2845521],[121.4976855,31.2843661],[121.4981928,31.2841615],[121.4982673,31.2842965],[121.497859,31.2844611],[121.4979546,31.2846343],[121.4975843,31.2847836]]]},"properties":{"stable_id":"tongji-siping-way-183383966","collision_type":"building","source_id":"way/183383966"}},{"type":"Feature","id":"tongji-siping-way-183383967","geometry":{"type":"LineString","coordinates":[[121.4991602,31.2873835],[121.4990293,31.287296],[121.4989204,31.2872656],[121.4988207,31.2872342],[121.4986252,31.2872974]]},"properties":{"stable_id":"tongji-siping-way-183383967","collision_type":"water","source_id":"way/183383967"}},{"type":"Feature","id":"tongji-siping-way-183383968","geometry":{"type":"LineString","coordinates":[[121.4983005,31.2848762],[121.4988566,31.2856531],[121.4971959,31.2864148],[121.4979851,31.2876305],[121.4983081,31.288103],[121.498788,31.2878904],[121.4990115,31.2875887],[121.4991602,31.2873835],[121.4991974,31.2872502],[121.4991747,31.2871828],[121.4991247,31.2870901]]},"properties":{"stable_id":"tongji-siping-way-183383968","collision_type":"water","source_id":"way/183383968"}},{"type":"Feature","id":"tongji-siping-way-183388116","geometry":{"type":"Polygon","coordinates":[[[121.4956035,31.2842363],[121.4955513,31.284138],[121.4955082,31.2841547],[121.4953334,31.2838255],[121.4956764,31.2836945],[121.4957334,31.2838127],[121.495526,31.2838856],[121.4956243,31.2840615],[121.4959526,31.2839341],[121.496026,31.2840723],[121.4956035,31.2842363]]]},"properties":{"stable_id":"tongji-siping-way-183388116","collision_type":"building","source_id":"way/183388116"}},{"type":"Feature","id":"tongji-siping-way-183388117","geometry":{"type":"Polygon","coordinates":[[[121.4951537,31.2842186],[121.4951662,31.2842409],[121.4953844,31.2841518],[121.4954375,31.2842467],[121.4952946,31.284305],[121.4953164,31.284344],[121.4952411,31.2843748],[121.4953513,31.2845717],[121.4948715,31.2847677],[121.4947986,31.2846373],[121.4952108,31.2844689],[121.4951517,31.2843634],[121.4947396,31.2845317],[121.494659,31.2843876],[121.4950711,31.2842193],[121.4950052,31.2841014],[121.4946126,31.2842617],[121.49454,31.2841319],[121.4952183,31.2838548],[121.4952826,31.2839698],[121.495082,31.2840517],[121.4951007,31.2840851],[121.4951637,31.2840886],[121.4952053,31.2841291],[121.4952012,31.284183],[121.4951537,31.2842186]]]},"properties":{"stable_id":"tongji-siping-way-183388117","collision_type":"building","source_id":"way/183388117"}},{"type":"Feature","id":"tongji-siping-way-183388118","geometry":{"type":"Polygon","coordinates":[[[121.4947143,31.2848455],[121.4941833,31.2850499],[121.4940988,31.2848895],[121.4942493,31.2848316],[121.4942622,31.284856],[121.4944749,31.2847742],[121.4943936,31.2846199],[121.4940304,31.2847597],[121.4939614,31.2846287],[121.4941119,31.2845708],[121.494121,31.284588],[121.494291,31.2845226],[121.4942237,31.2843949],[121.4941009,31.2844422],[121.4940485,31.2843428],[121.4941714,31.2842955],[121.4941582,31.2842705],[121.4944344,31.2841642],[121.4944928,31.284275],[121.4943753,31.2843203],[121.4943952,31.284358],[121.4942965,31.284396],[121.494342,31.2844822],[121.4945581,31.284399],[121.4946271,31.28453],[121.4945614,31.2845553],[121.4947143,31.2848455]]]},"properties":{"stable_id":"tongji-siping-way-183388118","collision_type":"building","source_id":"way/183388118"}},{"type":"Feature","id":"tongji-siping-way-183388119","geometry":{"type":"Polygon","coordinates":[[[121.4929257,31.2848964],[121.4927857,31.2846262],[121.4931874,31.2844742],[121.4933274,31.2847445],[121.4929257,31.2848964]]]},"properties":{"stable_id":"tongji-siping-way-183388119","collision_type":"building","source_id":"way/183388119"}},{"type":"Feature","id":"tongji-siping-way-183388120","geometry":{"type":"Polygon","coordinates":[[[121.5014775,31.2864666],[121.5012905,31.2861095],[121.5015922,31.2859941],[121.5017791,31.2863513],[121.5014775,31.2864666]]]},"properties":{"stable_id":"tongji-siping-way-183388120","collision_type":"building","source_id":"way/183388120"}},{"type":"Feature","id":"tongji-siping-way-183388122","geometry":{"type":"Polygon","coordinates":[[[121.503271,31.2830788],[121.5033798,31.2832737],[121.5028954,31.2835635],[121.5027218,31.2832921],[121.503271,31.2830788]]]},"properties":{"stable_id":"tongji-siping-way-183388122","collision_type":"building","source_id":"way/183388122"}},{"type":"Feature","id":"tongji-siping-way-183388123","geometry":{"type":"Polygon","coordinates":[[[121.5015764,31.2866702],[121.5014985,31.2865131],[121.5018102,31.2864003],[121.501888,31.2865575],[121.5015764,31.2866702]]]},"properties":{"stable_id":"tongji-siping-way-183388123","collision_type":"building","source_id":"way/183388123"}},{"type":"Feature","id":"tongji-siping-way-183388124","geometry":{"type":"Polygon","coordinates":[[[121.4949624,31.2850396],[121.494895,31.2849267],[121.4953724,31.2847184],[121.4954399,31.2848314],[121.4949624,31.2850396]]]},"properties":{"stable_id":"tongji-siping-way-183388124","collision_type":"building","source_id":"way/183388124"}},{"type":"Feature","id":"tongji-siping-way-183388125","geometry":{"type":"Polygon","coordinates":[[[121.5027752,31.2838881],[121.5024361,31.2840173],[121.5023307,31.2838105],[121.5024567,31.2837765],[121.5023409,31.2835013],[121.5025332,31.2834275],[121.5027752,31.2838881]]]},"properties":{"stable_id":"tongji-siping-way-183388125","collision_type":"building","source_id":"way/183388125"}},{"type":"Feature","id":"tongji-siping-way-183388126","geometry":{"type":"Polygon","coordinates":[[[121.4961142,31.2840325],[121.496039,31.2838885],[121.4959651,31.2837328],[121.4957659,31.2838057],[121.4957049,31.2836841],[121.4960708,31.2835556],[121.496209,31.2838266],[121.496324,31.2837798],[121.4963662,31.2838604],[121.4963004,31.2838855],[121.4963335,31.2839488],[121.4961142,31.2840325]]]},"properties":{"stable_id":"tongji-siping-way-183388126","collision_type":"building","source_id":"way/183388126"}},{"type":"Feature","id":"tongji-siping-way-183388127","geometry":{"type":"Polygon","coordinates":[[[121.5021194,31.2838674],[121.5019833,31.2836155],[121.5023389,31.2834965],[121.5023409,31.2835013],[121.5024567,31.2837765],[121.5023307,31.2838105],[121.5021194,31.2838674]]]},"properties":{"stable_id":"tongji-siping-way-183388127","collision_type":"building","source_id":"way/183388127"}},{"type":"Feature","id":"tongji-siping-way-183388128","geometry":{"type":"Polygon","coordinates":[[[121.5030304,31.2837942],[121.5029974,31.2836594],[121.5036863,31.283389],[121.5037331,31.2834438],[121.503861,31.2833844],[121.5039139,31.2834464],[121.5030304,31.2837942]]]},"properties":{"stable_id":"tongji-siping-way-183388128","collision_type":"building","source_id":"way/183388128"}},{"type":"Feature","id":"tongji-siping-way-183962598","geometry":{"type":"LineString","coordinates":[[121.4955722,31.2847539],[121.496452,31.2844211],[121.4966668,31.2843398],[121.4971156,31.2852063],[121.4960209,31.2856203],[121.4955722,31.2847539]]},"properties":{"stable_id":"tongji-siping-way-183962598","collision_type":"barrier","source_id":"way/183962598"}},{"type":"Feature","id":"tongji-siping-way-183964056","geometry":{"type":"Polygon","coordinates":[[[121.494433,31.2882288],[121.4944514,31.2880895],[121.4947223,31.2881158],[121.4947438,31.2879538],[121.4945882,31.2879387],[121.4946163,31.2877271],[121.495044,31.2877686],[121.4950054,31.2880597],[121.4953304,31.2880912],[121.4953141,31.2882146],[121.4950287,31.2881869],[121.4950156,31.2882853],[121.494433,31.2882288]]]},"properties":{"stable_id":"tongji-siping-way-183964056","collision_type":"building","source_id":"way/183964056"}},{"type":"Feature","id":"tongji-siping-way-183964058","geometry":{"type":"Polygon","coordinates":[[[121.4993413,31.2880017],[121.4992964,31.2879042],[121.4995777,31.2878096],[121.4996226,31.2879072],[121.4993413,31.2880017]]]},"properties":{"stable_id":"tongji-siping-way-183964058","collision_type":"building","source_id":"way/183964058"}},{"type":"Feature","id":"tongji-siping-way-183964060","geometry":{"type":"Polygon","coordinates":[[[121.4937636,31.2878793],[121.4937881,31.2877307],[121.4942415,31.2877852],[121.4942016,31.2880279],[121.494383,31.2880497],[121.494362,31.2881767],[121.4940206,31.2881356],[121.494057,31.2879146],[121.4937636,31.2878793]]]},"properties":{"stable_id":"tongji-siping-way-183964060","collision_type":"building","source_id":"way/183964060"}},{"type":"Feature","id":"tongji-siping-way-183964063","geometry":{"type":"Polygon","coordinates":[[[121.4949984,31.2888557],[121.4950193,31.2887207],[121.495438,31.2887681],[121.4954524,31.2886754],[121.4958924,31.2887252],[121.4958741,31.2888434],[121.4955773,31.2888098],[121.4955603,31.2889192],[121.4949984,31.2888557]]]},"properties":{"stable_id":"tongji-siping-way-183964063","collision_type":"building","source_id":"way/183964063"}},{"type":"Feature","id":"tongji-siping-way-183964064","geometry":{"type":"Polygon","coordinates":[[[121.4947305,31.2885466],[121.4947514,31.2884117],[121.4951702,31.288459],[121.4951845,31.2883664],[121.4956245,31.2884162],[121.4956062,31.2885343],[121.4953094,31.2885008],[121.4952925,31.2886102],[121.4947305,31.2885466]]]},"properties":{"stable_id":"tongji-siping-way-183964064","collision_type":"building","source_id":"way/183964064"}},{"type":"Feature","id":"tongji-siping-way-183964066","geometry":{"type":"Polygon","coordinates":[[[121.4959557,31.2883687],[121.4959791,31.2881998],[121.4963509,31.2882373],[121.4963634,31.2881471],[121.4965638,31.2881674],[121.4965321,31.288396],[121.4964391,31.2883865],[121.4964255,31.2884847],[121.4966899,31.2885115],[121.4966583,31.2887404],[121.4961682,31.2886908],[121.4961966,31.2884857],[121.4960416,31.2884701],[121.4960542,31.2883786],[121.4959557,31.2883687]]]},"properties":{"stable_id":"tongji-siping-way-183964066","collision_type":"building","source_id":"way/183964066"}},{"type":"Feature","id":"tongji-siping-way-184542420","geometry":{"type":"Polygon","coordinates":[[[121.4969906,31.2835675],[121.497277,31.2833594],[121.497383,31.2835448],[121.4967643,31.2839935],[121.4966534,31.2838123],[121.4969484,31.2835981],[121.4968972,31.2834898],[121.4967789,31.2833782],[121.4968282,31.2833466],[121.4967961,31.2832876],[121.4966754,31.2831781],[121.4967247,31.2831465],[121.4966926,31.2830875],[121.4965694,31.282978],[121.4966187,31.2829464],[121.4966041,31.2829209],[121.4967641,31.2828579],[121.4968356,31.2829906],[121.4967296,31.283058],[121.4967542,31.2831044],[121.4968701,31.283058],[121.4969416,31.2831907],[121.4968331,31.2832581],[121.4968578,31.2833045],[121.4969736,31.2832581],[121.4970451,31.2833908],[121.4969465,31.2834603],[121.4969906,31.2835675]]]},"properties":{"stable_id":"tongji-siping-way-184542420","collision_type":"building","source_id":"way/184542420"}},{"type":"Feature","id":"tongji-siping-way-184542424","geometry":{"type":"Polygon","coordinates":[[[121.5011129,31.2840112],[121.5011678,31.2840074],[121.5012062,31.2840395],[121.5012068,31.2840854],[121.501168,31.2841149],[121.5011874,31.2841473],[121.5014498,31.2840424],[121.5015804,31.284281],[121.5010624,31.2844881],[121.5009956,31.2843662],[121.5011628,31.2842994],[121.5011408,31.2842592],[121.5010871,31.2842613],[121.5010475,31.2842303],[121.5010451,31.2841845],[121.5010813,31.2841506],[121.5010206,31.2840397],[121.501067,31.2840212],[121.5010448,31.2839807],[121.5008482,31.2840593],[121.5007914,31.2839556],[121.5011662,31.2838057],[121.5011487,31.2837738],[121.5012682,31.2837261],[121.5013788,31.283928],[121.5012602,31.2839754],[121.5012356,31.2839304],[121.5010986,31.2839852],[121.5011129,31.2840112]]]},"properties":{"stable_id":"tongji-siping-way-184542424","collision_type":"building","source_id":"way/184542424"}},{"type":"Feature","id":"tongji-siping-way-188231251","geometry":{"type":"Polygon","coordinates":[[[121.4963832,31.2826127],[121.4967024,31.2824912],[121.49677,31.2826209],[121.4964508,31.2827424],[121.4965106,31.2828572],[121.496346,31.2829199],[121.4962861,31.2828051],[121.4961423,31.2828599],[121.4960747,31.2827302],[121.4962185,31.2826754],[121.4961801,31.2826017],[121.4963448,31.282539],[121.4963832,31.2826127]]]},"properties":{"stable_id":"tongji-siping-way-188231251","collision_type":"building","source_id":"way/188231251"}},{"type":"Feature","id":"tongji-siping-way-189248345","geometry":{"type":"Polygon","coordinates":[[[121.4930609,31.2852251],[121.493197,31.2851734],[121.4932619,31.2852983],[121.4931258,31.28535],[121.4930609,31.2852251]]]},"properties":{"stable_id":"tongji-siping-way-189248345","collision_type":"building","source_id":"way/189248345"}},{"type":"Feature","id":"tongji-siping-way-189248346","geometry":{"type":"Polygon","coordinates":[[[121.4933724,31.2847366],[121.4932931,31.2845913],[121.4939261,31.2843448],[121.4940045,31.2844936],[121.493498,31.2846854],[121.4933724,31.2847366]]]},"properties":{"stable_id":"tongji-siping-way-189248346","collision_type":"building","source_id":"way/189248346"}},{"type":"Feature","id":"tongji-siping-way-189478398","geometry":{"type":"Polygon","coordinates":[[[121.4964218,31.2865263],[121.4962828,31.2862851],[121.4963746,31.2862464],[121.4965136,31.2864877],[121.4964218,31.2865263]]]},"properties":{"stable_id":"tongji-siping-way-189478398","collision_type":"building","source_id":"way/189478398"}},{"type":"Feature","id":"tongji-siping-way-189478399","geometry":{"type":"Polygon","coordinates":[[[121.4964175,31.286254],[121.4968088,31.2860895],[121.4969025,31.2862523],[121.4966617,31.2863535],[121.4966798,31.286385],[121.4965293,31.2864482],[121.4964175,31.286254]]]},"properties":{"stable_id":"tongji-siping-way-189478399","collision_type":"building","source_id":"way/189478399"}},{"type":"Feature","id":"tongji-siping-way-189478400","geometry":{"type":"LineString","coordinates":[[121.4982587,31.2874839],[121.4981296,31.2875476],[121.4979851,31.2876305]]},"properties":{"stable_id":"tongji-siping-way-189478400","collision_type":"water","source_id":"way/189478400"}},{"type":"Feature","id":"tongji-siping-way-189478409","geometry":{"type":"Polygon","coordinates":[[[121.4992814,31.2874248],[121.4992246,31.2873858],[121.4992934,31.2873126],[121.4993502,31.2873516],[121.4992814,31.2874248]]]},"properties":{"stable_id":"tongji-siping-way-189478409","collision_type":"building","source_id":"way/189478409"}},{"type":"Feature","id":"tongji-siping-way-189478410","geometry":{"type":"Polygon","coordinates":[[[121.4982587,31.2874839],[121.4982816,31.2874722],[121.4986252,31.2872974],[121.4986443,31.2873366],[121.4986065,31.2873818],[121.4985808,31.2874322],[121.4986111,31.2874748],[121.4985959,31.2875084],[121.4985445,31.2875304],[121.4985355,31.2875756],[121.4985113,31.2876066],[121.4984719,31.2875937],[121.4984024,31.2875795],[121.4983479,31.2876144],[121.4983026,31.2875924],[121.4982618,31.2875317],[121.4982602,31.2875075],[121.4982587,31.2874839]]]},"properties":{"stable_id":"tongji-siping-way-189478410","collision_type":"water","source_id":"way/189478410"}},{"type":"Feature","id":"tongji-siping-way-191911298","geometry":{"type":"Polygon","coordinates":[[[121.4968664,31.2876532],[121.4969931,31.2875929],[121.4971005,31.2877576],[121.4969738,31.2878179],[121.4968664,31.2876532]]]},"properties":{"stable_id":"tongji-siping-way-191911298","collision_type":"building","source_id":"way/191911298"}},{"type":"Feature","id":"tongji-siping-way-191911301","geometry":{"type":"LineString","coordinates":[[121.5000546,31.2852188],[121.4998169,31.2853143]]},"properties":{"stable_id":"tongji-siping-way-191911301","collision_type":"closed","source_id":"way/191911301"}},{"type":"Feature","id":"tongji-siping-way-193137369","geometry":{"type":"Polygon","coordinates":[[[121.4976367,31.2888225],[121.4976612,31.2890997],[121.4968673,31.2891647],[121.496845,31.2888733],[121.4972951,31.2888381],[121.4972861,31.2887818],[121.498132,31.2886558],[121.4983722,31.2889314],[121.4986468,31.2889062],[121.4986607,31.2890166],[121.497777,31.2890979],[121.4977631,31.2889875],[121.4982494,31.2889428],[121.498097,31.2887557],[121.4976367,31.2888225]]]},"properties":{"stable_id":"tongji-siping-way-193137369","collision_type":"building","source_id":"way/193137369"}},{"type":"Feature","id":"tongji-siping-way-193137373","geometry":{"type":"Polygon","coordinates":[[[121.4998997,31.2884654],[121.4998055,31.2882629],[121.5003575,31.2880755],[121.5004517,31.288278],[121.4998997,31.2884654]]]},"properties":{"stable_id":"tongji-siping-way-193137373","collision_type":"building","source_id":"way/193137373"}},{"type":"Feature","id":"tongji-siping-way-193137375","geometry":{"type":"Polygon","coordinates":[[[121.4998302,31.2888975],[121.4992765,31.2889562],[121.4992512,31.2887824],[121.4996883,31.2887359],[121.4997588,31.2887094],[121.500218,31.2885375],[121.5003104,31.2887177],[121.4998302,31.2888975]]]},"properties":{"stable_id":"tongji-siping-way-193137375","collision_type":"building","source_id":"way/193137375"}},{"type":"Feature","id":"tongji-siping-way-193137379","geometry":{"type":"LineString","coordinates":[[121.4996543,31.2884859],[121.4988591,31.2887575]]},"properties":{"stable_id":"tongji-siping-way-193137379","collision_type":"restricted","source_id":"way/193137379"}},{"type":"Feature","id":"tongji-siping-way-193137381","geometry":{"type":"LineString","coordinates":[[121.5005245,31.2883376],[121.5004188,31.2883744],[121.4997167,31.2886194],[121.4989039,31.2888734],[121.4988623,31.2889313],[121.498818,31.2890042],[121.4988876,31.2892039]]},"properties":{"stable_id":"tongji-siping-way-193137381","collision_type":"restricted","source_id":"way/193137381"}},{"type":"Feature","id":"tongji-siping-way-257740530","geometry":{"type":"Polygon","coordinates":[[[121.5004624,31.2807749],[121.5005049,31.2806853],[121.5004113,31.2806392],[121.500451,31.280569],[121.5005276,31.2806077],[121.5005985,31.2805859],[121.5006296,31.280506],[121.5007062,31.2805302],[121.5006693,31.2806198],[121.5007771,31.2806562],[121.5007459,31.2807289],[121.5006835,31.2807095],[121.5005871,31.2807434],[121.5005503,31.2808113],[121.5004624,31.2807749]]]},"properties":{"stable_id":"tongji-siping-way-257740530","collision_type":"building","source_id":"way/257740530"}},{"type":"Feature","id":"tongji-siping-way-351607240","geometry":{"type":"Polygon","coordinates":[[[121.5027885,31.2880104],[121.5026983,31.2878235],[121.5033954,31.2875779],[121.5034855,31.2877648],[121.5027885,31.2880104]]]},"properties":{"stable_id":"tongji-siping-way-351607240","collision_type":"building","source_id":"way/351607240"}},{"type":"Feature","id":"tongji-siping-way-379036008","geometry":{"type":"Polygon","coordinates":[[[121.494356,31.2813415],[121.4942554,31.2810756],[121.4945652,31.281],[121.4946497,31.2812728],[121.494356,31.2813415]]]},"properties":{"stable_id":"tongji-siping-way-379036008","collision_type":"building","source_id":"way/379036008"}},{"type":"Feature","id":"tongji-siping-way-379036009","geometry":{"type":"Polygon","coordinates":[[[121.4938826,31.2805953],[121.4938531,31.2804509],[121.4944941,31.2803546],[121.4945236,31.2804991],[121.4938826,31.2805953]]]},"properties":{"stable_id":"tongji-siping-way-379036009","collision_type":"building","source_id":"way/379036009"}},{"type":"Feature","id":"tongji-siping-way-380537300","geometry":{"type":"Polygon","coordinates":[[[121.4956232,31.2860957],[121.4959155,31.2859765],[121.4959477,31.2860304],[121.4959826,31.2860888],[121.4956848,31.286208],[121.4956232,31.2860957]]]},"properties":{"stable_id":"tongji-siping-way-380537300","collision_type":"building","source_id":"way/380537300"}},{"type":"Feature","id":"tongji-siping-way-380537301","geometry":{"type":"Polygon","coordinates":[[[121.4964332,31.2857496],[121.4964627,31.2858115],[121.4962427,31.2858986],[121.4962642,31.2859444],[121.4962883,31.2859352],[121.4963447,31.2860521],[121.4962121,31.2861036],[121.4961676,31.2861209],[121.4961006,31.2859971],[121.4961301,31.285988],[121.4961141,31.2859559],[121.4960845,31.2858963],[121.4964332,31.2857496]]]},"properties":{"stable_id":"tongji-siping-way-380537301","collision_type":"building","source_id":"way/380537301"}},{"type":"Feature","id":"tongji-siping-way-380537304","geometry":{"type":"Polygon","coordinates":[[[121.4956527,31.2821783],[121.4961086,31.2820224],[121.4961274,31.2820591],[121.4961891,31.2821668],[121.4957626,31.2823089],[121.4957921,31.2823708],[121.4957492,31.2823869],[121.4956527,31.2821783]]]},"properties":{"stable_id":"tongji-siping-way-380537304","collision_type":"building","source_id":"way/380537304"}},{"type":"Feature","id":"tongji-siping-way-380537315","geometry":{"type":"Polygon","coordinates":[[[121.4943384,31.2825416],[121.494266,31.282411],[121.4951618,31.2820832],[121.4952208,31.2822161],[121.4943384,31.2825416]]]},"properties":{"stable_id":"tongji-siping-way-380537315","collision_type":"building","source_id":"way/380537315"}},{"type":"Feature","id":"tongji-siping-way-380537320","geometry":{"type":"Polygon","coordinates":[[[121.4943089,31.2826264],[121.4944913,31.2825622],[121.4945288,31.2826356],[121.4949687,31.2824797],[121.4949419,31.2824155],[121.4950653,31.2823651],[121.4951672,31.2825577],[121.4944108,31.2828419],[121.4943089,31.2826264]]]},"properties":{"stable_id":"tongji-siping-way-380537320","collision_type":"building","source_id":"way/380537320"}},{"type":"Feature","id":"tongji-siping-way-380537322","geometry":{"type":"Polygon","coordinates":[[[121.4948087,31.2802005],[121.495415,31.2801093],[121.4954715,31.2803836],[121.4948652,31.2804748],[121.4948087,31.2802005]]]},"properties":{"stable_id":"tongji-siping-way-380537322","collision_type":"building","source_id":"way/380537322"}},{"type":"Feature","id":"tongji-siping-way-380537323","geometry":{"type":"Polygon","coordinates":[[[121.4936034,31.2804453],[121.493822,31.2804212],[121.4938368,31.2805313],[121.4936249,31.2805542],[121.4936034,31.2804453]]]},"properties":{"stable_id":"tongji-siping-way-380537323","collision_type":"building","source_id":"way/380537323"}},{"type":"Feature","id":"tongji-siping-way-381876810","geometry":{"type":"Polygon","coordinates":[[[121.4920588,31.285745],[121.4922868,31.2857175],[121.4923217,31.2857404],[121.4923646,31.2859811],[121.4923324,31.2860338],[121.4920991,31.2860682],[121.4920588,31.2860292],[121.492024,31.2857817],[121.4920588,31.285745]]]},"properties":{"stable_id":"tongji-siping-way-381876810","collision_type":"building","source_id":"way/381876810"}},{"type":"Feature","id":"tongji-siping-way-387456859","geometry":{"type":"Polygon","coordinates":[[[121.4933843,31.2858264],[121.493508,31.2857811],[121.4936185,31.2859698],[121.4940117,31.2858188],[121.4940735,31.2859321],[121.4935566,31.286136],[121.4933843,31.2858264]]]},"properties":{"stable_id":"tongji-siping-way-387456859","collision_type":"building","source_id":"way/387456859"}},{"type":"Feature","id":"tongji-siping-way-387456860","geometry":{"type":"Polygon","coordinates":[[[121.4933357,31.2857055],[121.4938659,31.2854828],[121.4939145,31.2855696],[121.4933843,31.2857886],[121.4933357,31.2857055]]]},"properties":{"stable_id":"tongji-siping-way-387456860","collision_type":"building","source_id":"way/387456860"}},{"type":"Feature","id":"tongji-siping-way-387456861","geometry":{"type":"Polygon","coordinates":[[[121.4941221,31.2859057],[121.4939763,31.2856602],[121.4941884,31.2855621],[121.4943298,31.2858113],[121.4941221,31.2859057]]]},"properties":{"stable_id":"tongji-siping-way-387456861","collision_type":"building","source_id":"way/387456861"}},{"type":"Feature","id":"tongji-siping-way-387456864","geometry":{"type":"Polygon","coordinates":[[[121.4938836,31.2861586],[121.4943872,31.2859321],[121.4944668,31.286034],[121.4939587,31.2862568],[121.4938836,31.2861586]]]},"properties":{"stable_id":"tongji-siping-way-387456864","collision_type":"building","source_id":"way/387456864"}},{"type":"Feature","id":"tongji-siping-way-398280607","geometry":{"type":"Polygon","coordinates":[[[121.5033567,31.2858633],[121.5034013,31.2859437],[121.5031379,31.2860504],[121.5030933,31.2859701],[121.5033567,31.2858633]]]},"properties":{"stable_id":"tongji-siping-way-398280607","collision_type":"building","source_id":"way/398280607"}},{"type":"Feature","id":"tongji-siping-way-398280609","geometry":{"type":"Polygon","coordinates":[[[121.50332,31.2855967],[121.5033478,31.2856494],[121.5031413,31.285731],[121.5031136,31.2856783],[121.50332,31.2855967]]]},"properties":{"stable_id":"tongji-siping-way-398280609","collision_type":"building","source_id":"way/398280609"}},{"type":"Feature","id":"tongji-siping-way-398280611","geometry":{"type":"Polygon","coordinates":[[[121.5032404,31.2853611],[121.503272,31.2854154],[121.5030352,31.2855161],[121.5030036,31.2854618],[121.5032404,31.2853611]]]},"properties":{"stable_id":"tongji-siping-way-398280611","collision_type":"building","source_id":"way/398280611"}},{"type":"Feature","id":"tongji-siping-way-398280613","geometry":{"type":"Polygon","coordinates":[[[121.5032267,31.284472],[121.5030718,31.2841946],[121.5032833,31.2841084],[121.5034381,31.2843858],[121.5032267,31.284472]]]},"properties":{"stable_id":"tongji-siping-way-398280613","collision_type":"building","source_id":"way/398280613"}},{"type":"Feature","id":"tongji-siping-way-406760354","geometry":{"type":"Polygon","coordinates":[[[121.5027114,31.2871461],[121.5027915,31.2870776],[121.5029209,31.2870355],[121.5030688,31.2870776],[121.5031304,31.2871461],[121.5031366,31.2872514],[121.5032044,31.2873567],[121.5030133,31.2874199],[121.5028038,31.2874147],[121.5026744,31.2873515],[121.5025512,31.2871988],[121.5027114,31.2871461]]]},"properties":{"stable_id":"tongji-siping-way-406760354","collision_type":"building","source_id":"way/406760354"}},{"type":"Feature","id":"tongji-siping-way-406761637","geometry":{"type":"Polygon","coordinates":[[[121.4990618,31.2878607],[121.4990125,31.2877817],[121.4995148,31.2875974],[121.499561,31.2876817],[121.4990618,31.2878607]]]},"properties":{"stable_id":"tongji-siping-way-406761637","collision_type":"building","source_id":"way/406761637"}},{"type":"Feature","id":"tongji-siping-way-406761638","geometry":{"type":"Polygon","coordinates":[[[121.4959716,31.2890772],[121.4959839,31.2889455],[121.4962304,31.2889692],[121.4962488,31.288856],[121.4961503,31.2888481],[121.4961687,31.2887349],[121.4963937,31.2887665],[121.4963351,31.289114],[121.4959716,31.2890772]]]},"properties":{"stable_id":"tongji-siping-way-406761638","collision_type":"building","source_id":"way/406761638"}},{"type":"Feature","id":"tongji-siping-way-415783186","geometry":{"type":"Polygon","coordinates":[[[121.4959104,31.2800851],[121.4958422,31.2799472],[121.4958945,31.2799239],[121.4958604,31.2798502],[121.4960739,31.2797784],[121.4961216,31.279889],[121.4962579,31.2798444],[121.4963124,31.2799608],[121.4959104,31.2800851]]]},"properties":{"stable_id":"tongji-siping-way-415783186","collision_type":"building","source_id":"way/415783186"}},{"type":"Feature","id":"tongji-siping-way-415816179","geometry":{"type":"Polygon","coordinates":[[[121.4981027,31.2804055],[121.4980063,31.2801712],[121.4982651,31.2800888],[121.4983615,31.280245],[121.498392,31.2803404],[121.4981027,31.2804055]]]},"properties":{"stable_id":"tongji-siping-way-415816179","collision_type":"building","source_id":"way/415816179"}},{"type":"Feature","id":"tongji-siping-way-415816184","geometry":{"type":"Polygon","coordinates":[[[121.4976932,31.2801595],[121.4973492,31.280289],[121.497291,31.280167],[121.4976262,31.2800374],[121.4976932,31.2801595]]]},"properties":{"stable_id":"tongji-siping-way-415816184","collision_type":"building","source_id":"way/415816184"}},{"type":"Feature","id":"tongji-siping-way-415816185","geometry":{"type":"Polygon","coordinates":[[[121.4970432,31.2802492],[121.4971073,31.2803364],[121.4966817,31.2804261],[121.496638,31.2803189],[121.4970432,31.2802492]]]},"properties":{"stable_id":"tongji-siping-way-415816185","collision_type":"building","source_id":"way/415816185"}},{"type":"Feature","id":"tongji-siping-way-415816186","geometry":{"type":"Polygon","coordinates":[[[121.4970665,31.2808371],[121.4974921,31.2807051],[121.4975445,31.2808097],[121.4971161,31.2809467],[121.4970665,31.2808371]]]},"properties":{"stable_id":"tongji-siping-way-415816186","collision_type":"building","source_id":"way/415816186"}},{"type":"Feature","id":"tongji-siping-way-415816187","geometry":{"type":"Polygon","coordinates":[[[121.4972618,31.2812058],[121.4976757,31.2810862],[121.4977282,31.2811883],[121.4973084,31.2813154],[121.4972618,31.2812058]]]},"properties":{"stable_id":"tongji-siping-way-415816187","collision_type":"building","source_id":"way/415816187"}},{"type":"Feature","id":"tongji-siping-way-415816188","geometry":{"type":"Polygon","coordinates":[[[121.4973871,31.2815595],[121.4977981,31.28142],[121.4978652,31.2815346],[121.4974454,31.2816741],[121.4973871,31.2815595]]]},"properties":{"stable_id":"tongji-siping-way-415816188","collision_type":"building","source_id":"way/415816188"}},{"type":"Feature","id":"tongji-siping-way-415816189","geometry":{"type":"Polygon","coordinates":[[[121.4964254,31.2807374],[121.4967507,31.2810154],[121.4963401,31.2811752],[121.4962872,31.280793],[121.4964254,31.2807374]]]},"properties":{"stable_id":"tongji-siping-way-415816189","collision_type":"building","source_id":"way/415816189"}},{"type":"Feature","id":"tongji-siping-way-415816192","geometry":{"type":"Polygon","coordinates":[[[121.4963454,31.2816741],[121.4962618,31.281499],[121.4964583,31.281399],[121.496475,31.2814454],[121.4968679,31.2813097],[121.496918,31.2814169],[121.4965084,31.281549],[121.4965544,31.2816026],[121.4963454,31.2816741]]]},"properties":{"stable_id":"tongji-siping-way-415816192","collision_type":"building","source_id":"way/415816192"}},{"type":"Feature","id":"tongji-siping-way-415816193","geometry":{"type":"Polygon","coordinates":[[[121.4965962,31.2820241],[121.4965168,31.2818884],[121.4970894,31.2816812],[121.4971563,31.2818241],[121.4965962,31.2820241]]]},"properties":{"stable_id":"tongji-siping-way-415816193","collision_type":"building","source_id":"way/415816193"}},{"type":"Feature","id":"tongji-siping-way-415816194","geometry":{"type":"Polygon","coordinates":[[[121.498214,31.280999],[121.498122,31.2808275],[121.4987155,31.2806132],[121.4988075,31.2807882],[121.498214,31.280999]]]},"properties":{"stable_id":"tongji-siping-way-415816194","collision_type":"building","source_id":"way/415816194"}},{"type":"Feature","id":"tongji-siping-way-415816195","geometry":{"type":"Polygon","coordinates":[[[121.4984062,31.2813062],[121.4983352,31.2811812],[121.4987949,31.2810204],[121.498866,31.2811454],[121.4984062,31.2813062]]]},"properties":{"stable_id":"tongji-siping-way-415816195","collision_type":"building","source_id":"way/415816195"}},{"type":"Feature","id":"tongji-siping-way-415816196","geometry":{"type":"Polygon","coordinates":[[[121.4993501,31.28016],[121.4993323,31.280126],[121.4993174,31.2800845],[121.499284,31.2800059],[121.4994428,31.2799416],[121.4995975,31.2802846],[121.4994428,31.2803489],[121.4993718,31.2802095],[121.4993501,31.28016]]]},"properties":{"stable_id":"tongji-siping-way-415816196","collision_type":"building","source_id":"way/415816196"}},{"type":"Feature","id":"tongji-siping-way-415816197","geometry":{"type":"Polygon","coordinates":[[[121.4989172,31.280374],[121.4988452,31.2802324],[121.4992629,31.2801011],[121.4993349,31.2802488],[121.4989172,31.280374]]]},"properties":{"stable_id":"tongji-siping-way-415816197","collision_type":"building","source_id":"way/415816197"}},{"type":"Feature","id":"tongji-siping-way-415938215","geometry":{"type":"Polygon","coordinates":[[[121.4940014,31.2812724],[121.4938467,31.2813054],[121.4937952,31.281052],[121.4939327,31.2810336],[121.4940014,31.2812724]]]},"properties":{"stable_id":"tongji-siping-way-415938215","collision_type":"building","source_id":"way/415938215"}},{"type":"Feature","id":"tongji-siping-way-415938216","geometry":{"type":"Polygon","coordinates":[[[121.4929486,31.2805856],[121.4934858,31.2806297],[121.4934772,31.2807692],[121.4929357,31.2807251],[121.4929486,31.2805856]]]},"properties":{"stable_id":"tongji-siping-way-415938216","collision_type":"building","source_id":"way/415938216"}},{"type":"Feature","id":"tongji-siping-way-415938217","geometry":{"type":"Polygon","coordinates":[[[121.4929357,31.2803101],[121.4934729,31.2803542],[121.4934643,31.2804938],[121.4929228,31.2804497],[121.4929357,31.2803101]]]},"properties":{"stable_id":"tongji-siping-way-415938217","collision_type":"building","source_id":"way/415938217"}},{"type":"Feature","id":"tongji-siping-way-415938218","geometry":{"type":"Polygon","coordinates":[[[121.4929529,31.280031],[121.49349,31.2800751],[121.4934815,31.2802147],[121.49294,31.2801706],[121.4929529,31.280031]]]},"properties":{"stable_id":"tongji-siping-way-415938218","collision_type":"building","source_id":"way/415938218"}},{"type":"Feature","id":"tongji-siping-way-415938221","geometry":{"type":"Polygon","coordinates":[[[121.4925917,31.2815051],[121.4928864,31.2815238],[121.4928755,31.281642],[121.4925771,31.2816202],[121.4925917,31.2815051]]]},"properties":{"stable_id":"tongji-siping-way-415938221","collision_type":"building","source_id":"way/415938221"}},{"type":"Feature","id":"tongji-siping-way-415938222","geometry":{"type":"Polygon","coordinates":[[[121.491995,31.2814803],[121.4924372,31.2815005],[121.4924299,31.2816155],[121.4919878,31.2815952],[121.491995,31.2814803]]]},"properties":{"stable_id":"tongji-siping-way-415938222","collision_type":"building","source_id":"way/415938222"}},{"type":"Feature","id":"tongji-siping-way-415938223","geometry":{"type":"Polygon","coordinates":[[[121.4919667,31.2817485],[121.4924089,31.2817687],[121.4924017,31.2818837],[121.4919595,31.2818635],[121.4919667,31.2817485]]]},"properties":{"stable_id":"tongji-siping-way-415938223","collision_type":"building","source_id":"way/415938223"}},{"type":"Feature","id":"tongji-siping-way-415938224","geometry":{"type":"Polygon","coordinates":[[[121.4919361,31.2819869],[121.4923783,31.2820071],[121.4923711,31.2821221],[121.4919289,31.2821019],[121.4919361,31.2819869]]]},"properties":{"stable_id":"tongji-siping-way-415938224","collision_type":"building","source_id":"way/415938224"}},{"type":"Feature","id":"tongji-siping-way-415938225","geometry":{"type":"Polygon","coordinates":[[[121.4919121,31.2822647],[121.4923543,31.2822849],[121.4923471,31.2823999],[121.4919049,31.2823797],[121.4919121,31.2822647]]]},"properties":{"stable_id":"tongji-siping-way-415938225","collision_type":"building","source_id":"way/415938225"}},{"type":"Feature","id":"tongji-siping-way-415938226","geometry":{"type":"Polygon","coordinates":[[[121.4919048,31.2825135],[121.492347,31.2825337],[121.4923398,31.2826487],[121.4918976,31.2826284],[121.4919048,31.2825135]]]},"properties":{"stable_id":"tongji-siping-way-415938226","collision_type":"building","source_id":"way/415938226"}},{"type":"Feature","id":"tongji-siping-way-415938227","geometry":{"type":"Polygon","coordinates":[[[121.4918794,31.2827529],[121.4923215,31.2827732],[121.4923143,31.2828882],[121.4918721,31.2828679],[121.4918794,31.2827529]]]},"properties":{"stable_id":"tongji-siping-way-415938227","collision_type":"building","source_id":"way/415938227"}},{"type":"Feature","id":"tongji-siping-way-415938233","geometry":{"type":"Polygon","coordinates":[[[121.4929154,31.2808749],[121.4930872,31.2808926],[121.4930705,31.2810111],[121.4928987,31.2809935],[121.4929154,31.2808749]]]},"properties":{"stable_id":"tongji-siping-way-415938233","collision_type":"building","source_id":"way/415938233"}},{"type":"Feature","id":"tongji-siping-way-415938234","geometry":{"type":"Polygon","coordinates":[[[121.4931615,31.2808872],[121.493458,31.2809023],[121.4934488,31.2810348],[121.4931523,31.2810198],[121.4931615,31.2808872]]]},"properties":{"stable_id":"tongji-siping-way-415938234","collision_type":"building","source_id":"way/415938234"}},{"type":"Feature","id":"tongji-siping-way-415938235","geometry":{"type":"Polygon","coordinates":[[[121.4935595,31.2808721],[121.4939862,31.2808154],[121.4940133,31.2809642],[121.4935866,31.2810209],[121.4935595,31.2808721]]]},"properties":{"stable_id":"tongji-siping-way-415938235","collision_type":"building","source_id":"way/415938235"}},{"type":"Feature","id":"tongji-siping-way-415938236","geometry":{"type":"Polygon","coordinates":[[[121.4925929,31.2817675],[121.4930239,31.281804],[121.4930099,31.2819249],[121.4925789,31.2818884],[121.4925929,31.2817675]]]},"properties":{"stable_id":"tongji-siping-way-415938236","collision_type":"building","source_id":"way/415938236"}},{"type":"Feature","id":"tongji-siping-way-415938237","geometry":{"type":"Polygon","coordinates":[[[121.492499,31.2820207],[121.4931189,31.2820619],[121.493109,31.2821706],[121.4924891,31.2821294],[121.492499,31.2820207]]]},"properties":{"stable_id":"tongji-siping-way-415938237","collision_type":"building","source_id":"way/415938237"}},{"type":"Feature","id":"tongji-siping-way-429244211","geometry":{"type":"Polygon","coordinates":[[[121.5026034,31.2845907],[121.5028119,31.2845135],[121.5027409,31.2843735],[121.502987,31.2842824],[121.5031622,31.284628],[121.5027076,31.2847963],[121.5026034,31.2845907]]]},"properties":{"stable_id":"tongji-siping-way-429244211","collision_type":"building","source_id":"way/429244211"}},{"type":"Feature","id":"tongji-siping-way-433248142","geometry":{"type":"Polygon","coordinates":[[[121.492239,31.280012],[121.4925536,31.280029],[121.4925363,31.2802637],[121.4922217,31.2802467],[121.492239,31.280012]]]},"properties":{"stable_id":"tongji-siping-way-433248142","collision_type":"building","source_id":"way/433248142"}},{"type":"Feature","id":"tongji-siping-way-433248143","geometry":{"type":"Polygon","coordinates":[[[121.4924926,31.2804247],[121.4928072,31.2804416],[121.4927899,31.2806764],[121.4924753,31.2806594],[121.4924926,31.2804247]]]},"properties":{"stable_id":"tongji-siping-way-433248143","collision_type":"building","source_id":"way/433248143"}},{"type":"Feature","id":"tongji-siping-way-433248144","geometry":{"type":"Polygon","coordinates":[[[121.4921445,31.280796],[121.4924592,31.280813],[121.4924418,31.2810477],[121.4921272,31.2810308],[121.4921445,31.280796]]]},"properties":{"stable_id":"tongji-siping-way-433248144","collision_type":"building","source_id":"way/433248144"}},{"type":"Feature","id":"tongji-siping-way-433248146","geometry":{"type":"Polygon","coordinates":[[[121.4921896,31.2829686],[121.4923889,31.2829734],[121.492385,31.2830927],[121.4921857,31.2830879],[121.4921896,31.2829686]]]},"properties":{"stable_id":"tongji-siping-way-433248146","collision_type":"building","source_id":"way/433248146"}},{"type":"Feature","id":"tongji-siping-way-433248147","geometry":{"type":"Polygon","coordinates":[[[121.4918437,31.2829981],[121.4921161,31.2830198],[121.4921066,31.2831605],[121.4919831,31.2831497],[121.4919862,31.2831172],[121.4919197,31.2831118],[121.4919165,31.2831497],[121.4918247,31.2831443],[121.4918437,31.2829981]]]},"properties":{"stable_id":"tongji-siping-way-433248147","collision_type":"building","source_id":"way/433248147"}},{"type":"Feature","id":"tongji-siping-way-435080941","geometry":{"type":"Polygon","coordinates":[[[121.4929048,31.2885571],[121.4930124,31.288517],[121.4930124,31.2884581],[121.4929841,31.2884575],[121.4929821,31.2883827],[121.4930841,31.2883827],[121.4930841,31.2884275],[121.4931227,31.2884298],[121.4931227,31.288385],[121.4932275,31.288385],[121.4932275,31.2884516],[121.4931971,31.288451],[121.4931944,31.2885123],[121.4932385,31.2885335],[121.4932449,31.2885242],[121.4933027,31.2885521],[121.4932554,31.2886286],[121.4931351,31.2885725],[121.493133,31.2885486],[121.4930792,31.2885476],[121.493076,31.2885707],[121.4929567,31.2886295],[121.4929048,31.2885571]]]},"properties":{"stable_id":"tongji-siping-way-435080941","collision_type":"building","source_id":"way/435080941"}},{"type":"Feature","id":"tongji-siping-way-435080982","geometry":{"type":"Polygon","coordinates":[[[121.493387,31.2889076],[121.4934946,31.2888676],[121.4934946,31.2888087],[121.4934663,31.288808],[121.4934643,31.2887332],[121.4935663,31.2887332],[121.4935663,31.288778],[121.4936049,31.2887804],[121.4936049,31.2887356],[121.4937097,31.2887356],[121.4937097,31.2888022],[121.4936793,31.2888016],[121.4936766,31.2888629],[121.4937207,31.2888841],[121.4937271,31.2888748],[121.4937849,31.2889026],[121.4937376,31.2889792],[121.4936173,31.2889231],[121.4936152,31.2888991],[121.4935614,31.2888982],[121.4935582,31.2889213],[121.4934389,31.28898],[121.493387,31.2889076]]]},"properties":{"stable_id":"tongji-siping-way-435080982","collision_type":"building","source_id":"way/435080982"}},{"type":"Feature","id":"tongji-siping-way-435080983","geometry":{"type":"Polygon","coordinates":[[[121.4938641,31.2892546],[121.4939716,31.2892145],[121.4939716,31.2891556],[121.4939434,31.289155],[121.4939413,31.2890802],[121.4940433,31.2890802],[121.4940433,31.289125],[121.4940819,31.2891273],[121.4940819,31.2890826],[121.4941867,31.2890826],[121.4941867,31.2891491],[121.4941564,31.2891485],[121.4941536,31.2892098],[121.4941978,31.289231],[121.4942041,31.2892218],[121.4942619,31.2892496],[121.4942147,31.2893261],[121.4940943,31.28927],[121.4940922,31.2892461],[121.4940385,31.2892452],[121.4940353,31.2892682],[121.493916,31.289327],[121.4938641,31.2892546]]]},"properties":{"stable_id":"tongji-siping-way-435080983","collision_type":"building","source_id":"way/435080983"}},{"type":"Feature","id":"tongji-siping-way-435088964","geometry":{"type":"Polygon","coordinates":[[[121.4915579,31.2883645],[121.4916846,31.2882632],[121.4917444,31.2883132],[121.4918075,31.288267],[121.4919168,31.2883514],[121.4918166,31.2884409],[121.491738,31.2883869],[121.4916658,31.2884422],[121.4915579,31.2883645]]]},"properties":{"stable_id":"tongji-siping-way-435088964","collision_type":"building","source_id":"way/435088964"}},{"type":"Feature","id":"tongji-siping-way-435088965","geometry":{"type":"Polygon","coordinates":[[[121.4918459,31.2885285],[121.4919726,31.2884272],[121.4920324,31.2884772],[121.4920955,31.2884311],[121.4922048,31.2885155],[121.4921046,31.2886049],[121.492026,31.2885509],[121.4919538,31.2886062],[121.4918459,31.2885285]]]},"properties":{"stable_id":"tongji-siping-way-435088965","collision_type":"building","source_id":"way/435088965"}},{"type":"Feature","id":"tongji-siping-way-435088971","geometry":{"type":"Polygon","coordinates":[[[121.4915321,31.2886932],[121.4916588,31.288592],[121.4917185,31.288642],[121.4917817,31.2885958],[121.491891,31.2886802],[121.4917907,31.2887697],[121.4917122,31.2887157],[121.49164,31.288771],[121.4915321,31.2886932]]]},"properties":{"stable_id":"tongji-siping-way-435088971","collision_type":"building","source_id":"way/435088971"}},{"type":"Feature","id":"tongji-siping-way-435088973","geometry":{"type":"Polygon","coordinates":[[[121.4922981,31.2883663],[121.4922965,31.2882634],[121.4924296,31.2882526],[121.4926149,31.2882526],[121.49274,31.2882648],[121.4927384,31.288365],[121.4922981,31.2883663]]]},"properties":{"stable_id":"tongji-siping-way-435088973","collision_type":"building","source_id":"way/435088973"}},{"type":"Feature","id":"tongji-siping-way-435088975","geometry":{"type":"Polygon","coordinates":[[[121.4922918,31.2886505],[121.4922902,31.2885477],[121.4924232,31.2885368],[121.4926085,31.2885368],[121.4927337,31.288549],[121.4927321,31.2886492],[121.4922918,31.2886505]]]},"properties":{"stable_id":"tongji-siping-way-435088975","collision_type":"building","source_id":"way/435088975"}},{"type":"Feature","id":"tongji-siping-way-435088980","geometry":{"type":"Polygon","coordinates":[[[121.4932052,31.2893805],[121.4932073,31.2893466],[121.4931342,31.2893448],[121.4931404,31.2892394],[121.4931885,31.2892394],[121.4931864,31.2892672],[121.4932115,31.2892671],[121.4932157,31.2892198],[121.4932951,31.2892198],[121.493293,31.2892966],[121.493316,31.2892965],[121.4933138,31.2893295],[121.4933473,31.2893304],[121.4933443,31.2893814],[121.4932052,31.2893805]]]},"properties":{"stable_id":"tongji-siping-way-435088980","collision_type":"building","source_id":"way/435088980"}},{"type":"Feature","id":"tongji-siping-way-435088983","geometry":{"type":"Polygon","coordinates":[[[121.4929692,31.2891902],[121.4929712,31.2891563],[121.4928981,31.2891545],[121.4929044,31.2890491],[121.4929524,31.2890491],[121.4929503,31.2890769],[121.4929754,31.2890768],[121.4929796,31.2890295],[121.493059,31.2890295],[121.4930569,31.2891063],[121.49308,31.2891062],[121.4930778,31.2891393],[121.4931113,31.2891402],[121.4931083,31.2891911],[121.4929692,31.2891902]]]},"properties":{"stable_id":"tongji-siping-way-435088983","collision_type":"building","source_id":"way/435088983"}},{"type":"Feature","id":"tongji-siping-way-435089001","geometry":{"type":"Polygon","coordinates":[[[121.4918826,31.2893313],[121.4918851,31.2893031],[121.4918356,31.289302],[121.4918381,31.2892294],[121.4918927,31.2892305],[121.4918927,31.2891893],[121.4920005,31.2891882],[121.4919993,31.2892261],[121.4919701,31.2892261],[121.4919701,31.2892619],[121.492017,31.289263],[121.492017,31.2893302],[121.4918826,31.2893313]]]},"properties":{"stable_id":"tongji-siping-way-435089001","collision_type":"building","source_id":"way/435089001"}},{"type":"Feature","id":"tongji-siping-way-435089003","geometry":{"type":"Polygon","coordinates":[[[121.4916555,31.2892195],[121.491658,31.2891913],[121.4916085,31.2891902],[121.4916111,31.2891176],[121.4916656,31.2891187],[121.4916656,31.2890775],[121.4917735,31.2890764],[121.4917722,31.2891143],[121.491743,31.2891143],[121.491743,31.2891501],[121.49179,31.2891512],[121.49179,31.2892184],[121.4916555,31.2892195]]]},"properties":{"stable_id":"tongji-siping-way-435089003","collision_type":"building","source_id":"way/435089003"}},{"type":"Feature","id":"tongji-siping-way-435089004","geometry":{"type":"Polygon","coordinates":[[[121.4919566,31.2890655],[121.4919591,31.2890373],[121.4919097,31.2890363],[121.4919122,31.2889636],[121.4919667,31.2889647],[121.4919667,31.2889235],[121.4920746,31.2889224],[121.4920733,31.2889604],[121.4920441,31.2889604],[121.4920441,31.2889961],[121.4920911,31.2889972],[121.4920911,31.2890645],[121.4919566,31.2890655]]]},"properties":{"stable_id":"tongji-siping-way-435089004","collision_type":"building","source_id":"way/435089004"}},{"type":"Feature","id":"tongji-siping-way-435089024","geometry":{"type":"Polygon","coordinates":[[[121.4921005,31.2891626],[121.4925485,31.2891653],[121.4925476,31.2892808],[121.4920995,31.2892781],[121.4921005,31.2891626]]]},"properties":{"stable_id":"tongji-siping-way-435089024","collision_type":"building","source_id":"way/435089024"}},{"type":"Feature","id":"tongji-siping-way-435089025","geometry":{"type":"Polygon","coordinates":[[[121.4926102,31.2891698],[121.4928002,31.2891698],[121.4927973,31.2892594],[121.4927335,31.2892594],[121.4927307,31.2892812],[121.4926088,31.28928],[121.4926102,31.2891698]]]},"properties":{"stable_id":"tongji-siping-way-435089025","collision_type":"building","source_id":"way/435089025"}},{"type":"Feature","id":"tongji-siping-way-435089026","geometry":{"type":"Polygon","coordinates":[[[121.4921798,31.2888996],[121.4928299,31.2889043],[121.4928287,31.2890185],[121.4921787,31.2890138],[121.4921798,31.2888996]]]},"properties":{"stable_id":"tongji-siping-way-435089026","collision_type":"building","source_id":"way/435089026"}},{"type":"Feature","id":"tongji-siping-way-436877289","geometry":{"type":"Polygon","coordinates":[[[121.4937107,31.2876344],[121.4937266,31.2875315],[121.4940844,31.2875719],[121.4940759,31.2876271],[121.4941585,31.2876364],[121.4941511,31.2876841],[121.4937107,31.2876344]]]},"properties":{"stable_id":"tongji-siping-way-436877289","collision_type":"building","source_id":"way/436877289"}},{"type":"Feature","id":"tongji-siping-way-436877290","geometry":{"type":"Polygon","coordinates":[[[121.4935385,31.2877985],[121.4935695,31.2875689],[121.4936942,31.2875812],[121.4936632,31.2878108],[121.4935385,31.2877985]]]},"properties":{"stable_id":"tongji-siping-way-436877290","collision_type":"building","source_id":"way/436877290"}},{"type":"Feature","id":"tongji-siping-way-436877291","geometry":{"type":"Polygon","coordinates":[[[121.49335,31.2875924],[121.4932978,31.2874845],[121.4933959,31.2874499],[121.4933704,31.2873971],[121.4935058,31.2873494],[121.4935275,31.2873942],[121.4936572,31.2873484],[121.4937132,31.2874643],[121.49335,31.2875924]]]},"properties":{"stable_id":"tongji-siping-way-436877291","collision_type":"building","source_id":"way/436877291"}},{"type":"Feature","id":"tongji-siping-way-436877292","geometry":{"type":"Polygon","coordinates":[[[121.4938387,31.2873944],[121.4937606,31.2872575],[121.4942402,31.2870576],[121.4943183,31.2871946],[121.4938387,31.2873944]]]},"properties":{"stable_id":"tongji-siping-way-436877292","collision_type":"building","source_id":"way/436877292"}},{"type":"Feature","id":"tongji-siping-way-436877293","geometry":{"type":"Polygon","coordinates":[[[121.4941682,31.2875687],[121.4940812,31.2874159],[121.494272,31.2873365],[121.494359,31.2874893],[121.4941682,31.2875687]]]},"properties":{"stable_id":"tongji-siping-way-436877293","collision_type":"building","source_id":"way/436877293"}},{"type":"Feature","id":"tongji-siping-way-436877294","geometry":{"type":"Polygon","coordinates":[[[121.4947133,31.2875591],[121.4946174,31.2873757],[121.4947744,31.2873158],[121.4948703,31.2874992],[121.4947133,31.2875591]]]},"properties":{"stable_id":"tongji-siping-way-436877294","collision_type":"building","source_id":"way/436877294"}},{"type":"Feature","id":"tongji-siping-way-436877295","geometry":{"type":"Polygon","coordinates":[[[121.4943424,31.287344],[121.4942828,31.2872446],[121.4946367,31.2870896],[121.4946963,31.287189],[121.4943424,31.287344]]]},"properties":{"stable_id":"tongji-siping-way-436877295","collision_type":"building","source_id":"way/436877295"}},{"type":"Feature","id":"tongji-siping-way-436877296","geometry":{"type":"Polygon","coordinates":[[[121.4933839,31.2870916],[121.493345,31.287025],[121.4933158,31.2870373],[121.4932829,31.2869863],[121.4938149,31.2867199],[121.4938609,31.2867029],[121.4939043,31.2867094],[121.4939302,31.2867343],[121.4939606,31.2867844],[121.49373,31.2868821],[121.4937556,31.2869193],[121.4933839,31.2870916]]]},"properties":{"stable_id":"tongji-siping-way-436877296","collision_type":"building","source_id":"way/436877296"}},{"type":"Feature","id":"tongji-siping-way-436877297","geometry":{"type":"Polygon","coordinates":[[[121.4926962,31.2868904],[121.493065,31.2867344],[121.493214,31.2869917],[121.4931586,31.2869984],[121.4933634,31.2873521],[121.4931138,31.2874577],[121.4930013,31.2872635],[121.4929298,31.2872938],[121.4926962,31.2868904]]]},"properties":{"stable_id":"tongji-siping-way-436877297","collision_type":"building","source_id":"way/436877297"}},{"type":"Feature","id":"tongji-siping-way-436877298","geometry":{"type":"Polygon","coordinates":[[[121.4935149,31.2872588],[121.4934326,31.2871048],[121.4935943,31.2870417],[121.4936766,31.2871957],[121.4935149,31.2872588]]]},"properties":{"stable_id":"tongji-siping-way-436877298","collision_type":"building","source_id":"way/436877298"}},{"type":"Feature","id":"tongji-siping-way-436877299","geometry":{"type":"Polygon","coordinates":[[[121.4937493,31.2872082],[121.4936589,31.2870515],[121.4941094,31.2868619],[121.4941997,31.2870187],[121.4937493,31.2872082]]]},"properties":{"stable_id":"tongji-siping-way-436877299","collision_type":"building","source_id":"way/436877299"}},{"type":"Feature","id":"tongji-siping-way-436877300","geometry":{"type":"Polygon","coordinates":[[[121.4932907,31.2866792],[121.4931667,31.2864584],[121.4935085,31.2863183],[121.4935957,31.2864738],[121.4937427,31.2864135],[121.4937794,31.2864789],[121.4932907,31.2866792]]]},"properties":{"stable_id":"tongji-siping-way-436877300","collision_type":"building","source_id":"way/436877300"}},{"type":"Feature","id":"tongji-siping-way-436877301","geometry":{"type":"Polygon","coordinates":[[[121.4942376,31.286629],[121.4941836,31.2865309],[121.494569,31.2863763],[121.4945234,31.2862933],[121.4946807,31.2862303],[121.4947589,31.2863727],[121.4946455,31.2864182],[121.4946667,31.2864568],[121.4942376,31.286629]]]},"properties":{"stable_id":"tongji-siping-way-436877301","collision_type":"building","source_id":"way/436877301"}},{"type":"Feature","id":"tongji-siping-way-436877302","geometry":{"type":"Polygon","coordinates":[[[121.495257,31.2875181],[121.4950902,31.2871888],[121.4953149,31.2871057],[121.4954817,31.2874349],[121.495257,31.2875181]]]},"properties":{"stable_id":"tongji-siping-way-436877302","collision_type":"building","source_id":"way/436877302"}},{"type":"Feature","id":"tongji-siping-way-436877303","geometry":{"type":"Polygon","coordinates":[[[121.5013304,31.2885395],[121.50128,31.2884286],[121.5017673,31.2882669],[121.5018622,31.2882703],[121.5018982,31.2883495],[121.5016296,31.2884387],[121.5016047,31.2883839],[121.5014568,31.288433],[121.5014823,31.2884891],[121.5013304,31.2885395]]]},"properties":{"stable_id":"tongji-siping-way-436877303","collision_type":"building","source_id":"way/436877303"}},{"type":"Feature","id":"tongji-siping-way-436877304","geometry":{"type":"Polygon","coordinates":[[[121.5012773,31.288297],[121.5012278,31.2881814],[121.501702,31.2880333],[121.5017311,31.2881013],[121.5016417,31.2881292],[121.5016621,31.2881768],[121.5012773,31.288297]]]},"properties":{"stable_id":"tongji-siping-way-436877304","collision_type":"building","source_id":"way/436877304"}},{"type":"Feature","id":"tongji-siping-way-436877305","geometry":{"type":"Polygon","coordinates":[[[121.5011843,31.288081],[121.5011155,31.2879282],[121.5015727,31.2877777],[121.5016416,31.2879305],[121.5011843,31.288081]]]},"properties":{"stable_id":"tongji-siping-way-436877305","collision_type":"building","source_id":"way/436877305"}},{"type":"Feature","id":"tongji-siping-way-436877306","geometry":{"type":"Polygon","coordinates":[[[121.5009743,31.2878486],[121.5009037,31.2876973],[121.5014899,31.2874975],[121.5015605,31.2876487],[121.5009743,31.2878486]]]},"properties":{"stable_id":"tongji-siping-way-436877306","collision_type":"building","source_id":"way/436877306"}},{"type":"Feature","id":"tongji-siping-way-436877309","geometry":{"type":"Polygon","coordinates":[[[121.5006519,31.2881497],[121.5006016,31.2880425],[121.5008853,31.2879452],[121.5009357,31.2880525],[121.5006519,31.2881497]]]},"properties":{"stable_id":"tongji-siping-way-436877309","collision_type":"building","source_id":"way/436877309"}},{"type":"Feature","id":"tongji-siping-way-436877310","geometry":{"type":"Polygon","coordinates":[[[121.5004618,31.2880267],[121.5004018,31.2879039],[121.5007464,31.2877811],[121.5008064,31.2879039],[121.5004618,31.2880267]]]},"properties":{"stable_id":"tongji-siping-way-436877310","collision_type":"building","source_id":"way/436877310"}},{"type":"Feature","id":"tongji-siping-way-436877311","geometry":{"type":"Polygon","coordinates":[[[121.499941,31.2881431],[121.4999041,31.2880579],[121.5001683,31.2879745],[121.5002051,31.2880596],[121.499941,31.2881431]]]},"properties":{"stable_id":"tongji-siping-way-436877311","collision_type":"building","source_id":"way/436877311"}},{"type":"Feature","id":"tongji-siping-way-436877312","geometry":{"type":"Polygon","coordinates":[[[121.5005931,31.2886752],[121.5004787,31.2884433],[121.5008311,31.2883164],[121.5008052,31.2882638],[121.5010006,31.2881935],[121.5010633,31.2883206],[121.5009515,31.2883609],[121.5009916,31.2884422],[121.5009231,31.2884669],[121.5009605,31.2885428],[121.5005931,31.2886752]]]},"properties":{"stable_id":"tongji-siping-way-436877312","collision_type":"building","source_id":"way/436877312"}},{"type":"Feature","id":"tongji-siping-way-436877313","geometry":{"type":"Polygon","coordinates":[[[121.5016601,31.2875271],[121.5016367,31.287479],[121.5017523,31.2874347],[121.5017757,31.2874868],[121.5016601,31.2875271]]]},"properties":{"stable_id":"tongji-siping-way-436877313","collision_type":"building","source_id":"way/436877313"}},{"type":"Feature","id":"tongji-siping-way-436877314","geometry":{"type":"Polygon","coordinates":[[[121.4934878,31.2835093],[121.493591,31.2834674],[121.4940451,31.2832936],[121.4941215,31.2832635],[121.4945113,31.2840159],[121.4938706,31.2842497],[121.4937588,31.2840281],[121.4936152,31.2840876],[121.4934741,31.2838082],[121.4936068,31.2837548],[121.4934878,31.2835093]]]},"properties":{"stable_id":"tongji-siping-way-436877314","collision_type":"closed","source_id":"way/436877314"}},{"type":"Feature","id":"tongji-siping-way-436877316","geometry":{"type":"Polygon","coordinates":[[[121.4923843,31.2851631],[121.4923902,31.2850536],[121.4925066,31.2850582],[121.4925098,31.2849978],[121.4927227,31.2850062],[121.492719,31.285074],[121.492792,31.2850768],[121.4927897,31.2851183],[121.4928236,31.2851196],[121.4928209,31.2851709],[121.4926374,31.2851637],[121.4926355,31.285199],[121.4925354,31.285195],[121.4925368,31.2851691],[121.4923843,31.2851631]]]},"properties":{"stable_id":"tongji-siping-way-436877316","collision_type":"building","source_id":"way/436877316"}},{"type":"Feature","id":"tongji-siping-way-436877317","geometry":{"type":"Polygon","coordinates":[[[121.4917578,31.2847926],[121.4917637,31.2846831],[121.49188,31.2846877],[121.4918833,31.2846272],[121.4920962,31.2846356],[121.4920925,31.2847034],[121.4921654,31.2847063],[121.4921632,31.2847477],[121.4921971,31.2847491],[121.4921943,31.2848004],[121.4920109,31.2847932],[121.492009,31.2848284],[121.4919089,31.2848245],[121.4919103,31.2847986],[121.4917578,31.2847926]]]},"properties":{"stable_id":"tongji-siping-way-436877317","collision_type":"building","source_id":"way/436877317"}},{"type":"Feature","id":"tongji-siping-way-436877319","geometry":{"type":"Polygon","coordinates":[[[121.4919024,31.2843025],[121.4919084,31.284193],[121.4920247,31.2841976],[121.4920279,31.2841371],[121.4922408,31.2841455],[121.4922371,31.2842133],[121.4923101,31.2842162],[121.4923078,31.2842576],[121.4923417,31.284259],[121.492339,31.2843103],[121.4921555,31.2843031],[121.4921536,31.2843383],[121.4920535,31.2843344],[121.4920549,31.2843085],[121.4919024,31.2843025]]]},"properties":{"stable_id":"tongji-siping-way-436877319","collision_type":"building","source_id":"way/436877319"}},{"type":"Feature","id":"tongji-siping-way-436877321","geometry":{"type":"Polygon","coordinates":[[[121.4922007,31.2854217],[121.492109,31.2853855],[121.4921085,31.2853469],[121.4920095,31.2853479],[121.4920101,31.2853951],[121.4919251,31.2854416],[121.491857,31.2853505],[121.4919789,31.2852839],[121.4919779,31.2852595],[121.4919073,31.2852616],[121.4919039,31.2851789],[121.4919643,31.2851771],[121.4919627,31.2851371],[121.4921515,31.2851314],[121.4921537,31.2851855],[121.4922216,31.2851835],[121.4922248,31.2852633],[121.4921556,31.2852654],[121.4921567,31.2852914],[121.4922511,31.2853287],[121.4922007,31.2854217]]]},"properties":{"stable_id":"tongji-siping-way-436877321","collision_type":"building","source_id":"way/436877321"}},{"type":"Feature","id":"tongji-siping-way-436877324","geometry":{"type":"Polygon","coordinates":[[[121.4926475,31.2858144],[121.4926206,31.2857682],[121.4925859,31.285783],[121.4926189,31.2856789],[121.4925626,31.2855668],[121.4928054,31.2854778],[121.4928534,31.2855735],[121.4929857,31.285525],[121.4930202,31.2855936],[121.4930477,31.2855835],[121.4930528,31.2856897],[121.4929364,31.2857393],[121.4929139,31.2857008],[121.4926475,31.2858144]]]},"properties":{"stable_id":"tongji-siping-way-436877324","collision_type":"building","source_id":"way/436877324"}},{"type":"Feature","id":"tongji-siping-way-436877325","geometry":{"type":"Polygon","coordinates":[[[121.4925807,31.2828425],[121.4925888,31.2827541],[121.4926484,31.2827581],[121.4926661,31.2825655],[121.4925958,31.2825607],[121.4926024,31.2824889],[121.4926747,31.2824938],[121.4926783,31.282455],[121.4927479,31.2824597],[121.4927458,31.2824825],[121.4927706,31.2824842],[121.4927726,31.2824624],[121.4928231,31.2824657],[121.4928196,31.2825048],[121.4931251,31.2825249],[121.493118,31.2826032],[121.4928121,31.282583],[121.4927975,31.2827449],[121.4930078,31.2827588],[121.4930107,31.2827274],[121.493103,31.2827335],[121.4931054,31.2827071],[121.4933843,31.2827256],[121.4933754,31.2828228],[121.4930233,31.2827994],[121.49302,31.2828362],[121.4928078,31.2828221],[121.4928046,31.2828575],[121.4925807,31.2828425]]]},"properties":{"stable_id":"tongji-siping-way-436877325","collision_type":"building","source_id":"way/436877325"}},{"type":"Feature","id":"tongji-siping-way-436877326","geometry":{"type":"Polygon","coordinates":[[[121.4920226,31.2813789],[121.4920367,31.2811901],[121.4921546,31.2811965],[121.4921405,31.2813853],[121.4920226,31.2813789]]]},"properties":{"stable_id":"tongji-siping-way-436877326","collision_type":"building","source_id":"way/436877326"}},{"type":"Feature","id":"tongji-siping-way-436877327","geometry":{"type":"Polygon","coordinates":[[[121.492572,31.2814048],[121.4925878,31.2811593],[121.492683,31.2811638],[121.4926813,31.2811898],[121.4928104,31.2811959],[121.492802,31.2813256],[121.4926306,31.2813175],[121.4926248,31.2814073],[121.492572,31.2814048]]]},"properties":{"stable_id":"tongji-siping-way-436877327","collision_type":"building","source_id":"way/436877327"}},{"type":"Feature","id":"tongji-siping-way-436877328","geometry":{"type":"Polygon","coordinates":[[[121.499081,31.2810891],[121.4989797,31.2808871],[121.4992121,31.280802],[121.4992328,31.2808435],[121.4993497,31.2808007],[121.4994108,31.2809224],[121.4992831,31.2809692],[121.4993026,31.281008],[121.499081,31.2810891]]]},"properties":{"stable_id":"tongji-siping-way-436877328","collision_type":"building","source_id":"way/436877328"}},{"type":"Feature","id":"tongji-siping-way-436877329","geometry":{"type":"Polygon","coordinates":[[[121.4995486,31.2808979],[121.4995085,31.2808218],[121.4995395,31.2808099],[121.4995109,31.2807556],[121.4996918,31.2806859],[121.4996202,31.2805501],[121.4997565,31.2804976],[121.4998674,31.2807078],[121.4998079,31.2807307],[121.4998374,31.2807866],[121.4995486,31.2808979]]]},"properties":{"stable_id":"tongji-siping-way-436877329","collision_type":"building","source_id":"way/436877329"}},{"type":"Feature","id":"tongji-siping-way-436877330","geometry":{"type":"Polygon","coordinates":[[[121.4994371,31.2805313],[121.4994167,31.2804864],[121.4993394,31.2805122],[121.4993066,31.2804404],[121.4996599,31.2803225],[121.4997132,31.2804391],[121.4994371,31.2805313]]]},"properties":{"stable_id":"tongji-siping-way-436877330","collision_type":"building","source_id":"way/436877330"}},{"type":"Feature","id":"tongji-siping-way-436877331","geometry":{"type":"Polygon","coordinates":[[[121.4989148,31.2806591],[121.4988541,31.2805028],[121.4991838,31.2804094],[121.4992445,31.2805656],[121.4989148,31.2806591]]]},"properties":{"stable_id":"tongji-siping-way-436877331","collision_type":"building","source_id":"way/436877331"}},{"type":"Feature","id":"tongji-siping-way-436877332","geometry":{"type":"Polygon","coordinates":[[[121.4989603,31.2808477],[121.4989366,31.2807872],[121.4989879,31.2807726],[121.4989622,31.2807067],[121.499197,31.2806398],[121.4992136,31.2806822],[121.4992677,31.2806668],[121.4993005,31.2807507],[121.4989603,31.2808477]]]},"properties":{"stable_id":"tongji-siping-way-436877332","collision_type":"building","source_id":"way/436877332"}},{"type":"Feature","id":"tongji-siping-way-436877333","geometry":{"type":"Polygon","coordinates":[[[121.4925796,31.2835276],[121.4925531,31.2834788],[121.4925152,31.2834939],[121.492537,31.2835342],[121.4924248,31.2835786],[121.4923689,31.2834753],[121.4924213,31.2834546],[121.4923584,31.2833384],[121.4924554,31.2833],[121.4924837,31.2833522],[121.4925581,31.2833228],[121.4925431,31.2832951],[121.4926437,31.2832553],[121.4926933,31.2833469],[121.4926181,31.2833766],[121.4926787,31.2834883],[121.4925796,31.2835276]]]},"properties":{"stable_id":"tongji-siping-way-436877333","collision_type":"building","source_id":"way/436877333"}},{"type":"Feature","id":"tongji-siping-way-436877334","geometry":{"type":"Polygon","coordinates":[[[121.4921204,31.2835203],[121.492094,31.2834716],[121.4920561,31.2834866],[121.4920779,31.2835269],[121.4919657,31.2835713],[121.4919097,31.2834681],[121.4919622,31.2834473],[121.4918992,31.2833311],[121.4919963,31.2832927],[121.4920246,31.283345],[121.492099,31.2833155],[121.492084,31.2832879],[121.4921846,31.2832481],[121.4922342,31.2833396],[121.492159,31.2833694],[121.4922195,31.2834811],[121.4921204,31.2835203]]]},"properties":{"stable_id":"tongji-siping-way-436877334","collision_type":"building","source_id":"way/436877334"}},{"type":"Feature","id":"tongji-siping-way-436877335","geometry":{"type":"Polygon","coordinates":[[[121.4929102,31.2832167],[121.4928838,31.2831679],[121.4928459,31.283183],[121.4928677,31.2832233],[121.4927555,31.2832677],[121.4926996,31.2831644],[121.492752,31.2831437],[121.4926891,31.2830275],[121.4927861,31.2829891],[121.4928144,31.2830413],[121.4928888,31.2830119],[121.4928738,31.2829842],[121.4929744,31.2829444],[121.493024,31.283036],[121.4929488,31.2830657],[121.4930094,31.2831774],[121.4929102,31.2832167]]]},"properties":{"stable_id":"tongji-siping-way-436877335","collision_type":"building","source_id":"way/436877335"}},{"type":"Feature","id":"tongji-siping-way-436877336","geometry":{"type":"Polygon","coordinates":[[[121.4933616,31.2832392],[121.4933352,31.2831905],[121.4932972,31.2832055],[121.493319,31.2832459],[121.4932068,31.2832903],[121.4931509,31.283187],[121.4932034,31.2831662],[121.4931404,31.2830501],[121.4932374,31.2830116],[121.4932657,31.2830639],[121.4933401,31.2830344],[121.4933251,31.2830068],[121.4934257,31.282967],[121.4934753,31.2830585],[121.4934001,31.2830883],[121.4934607,31.2832],[121.4933616,31.2832392]]]},"properties":{"stable_id":"tongji-siping-way-436877336","collision_type":"building","source_id":"way/436877336"}},{"type":"Feature","id":"tongji-siping-way-436877337","geometry":{"type":"Polygon","coordinates":[[[121.4936981,31.2831166],[121.4936636,31.2830467],[121.4941128,31.2828846],[121.4940194,31.2826955],[121.4941437,31.2826507],[121.4942716,31.2829097],[121.4936981,31.2831166]]]},"properties":{"stable_id":"tongji-siping-way-436877337","collision_type":"building","source_id":"way/436877337"}},{"type":"Feature","id":"tongji-siping-way-436877338","geometry":{"type":"Polygon","coordinates":[[[121.4936417,31.2827758],[121.4936738,31.282764],[121.4936664,31.2827494],[121.4937856,31.282705],[121.4937947,31.2827228],[121.4938326,31.2827086],[121.4938474,31.2827373],[121.4939262,31.2827076],[121.4940062,31.2828622],[121.4939247,31.282893],[121.4939365,31.2829159],[121.493774,31.2829774],[121.493763,31.2829586],[121.4937093,31.28298],[121.4936967,31.2829549],[121.4936562,31.2829697],[121.4935861,31.2828297],[121.4936559,31.2828041],[121.4936417,31.2827758]]]},"properties":{"stable_id":"tongji-siping-way-436877338","collision_type":"building","source_id":"way/436877338"}},{"type":"Feature","id":"tongji-siping-way-439647095","geometry":{"type":"Polygon","coordinates":[[[121.5035064,31.2805583],[121.5034051,31.2805978],[121.5031842,31.2801841],[121.5032856,31.2801446],[121.5035064,31.2805583]]]},"properties":{"stable_id":"tongji-siping-way-439647095","collision_type":"building","source_id":"way/439647095"}},{"type":"Feature","id":"tongji-siping-way-49211735","geometry":{"type":"LineString","coordinates":[[121.4984895,31.2912886],[121.4989565,31.2906904],[121.499243,31.2904708],[121.4998719,31.2899815],[121.5001324,31.2898107],[121.5006085,31.2895941],[121.5031794,31.2885214],[121.5036801,31.2883266],[121.5043528,31.288093],[121.5050212,31.2878652],[121.5051637,31.287837],[121.5053128,31.2878152],[121.5055588,31.2877985],[121.5058144,31.2877671],[121.5059638,31.2877159],[121.506122,31.2876337],[121.5062999,31.2874884],[121.5063679,31.2874076],[121.5064658,31.2873432],[121.506564,31.2872924],[121.5071994,31.2870486]]},"properties":{"stable_id":"tongji-siping-way-49211735","collision_type":"water","source_id":"way/49211735"}},{"type":"Feature","id":"tongji-siping-way-49247577","geometry":{"type":"LineString","coordinates":[[121.4920506,31.286276],[121.4925382,31.2859951],[121.4924172,31.2855949],[121.4929727,31.2853678],[121.4924939,31.284451],[121.4922522,31.283988]]},"properties":{"stable_id":"tongji-siping-way-49247577","collision_type":"barrier","source_id":"way/49247577"}},{"type":"Feature","id":"tongji-siping-way-527987473","geometry":{"type":"Polygon","coordinates":[[[121.5038998,31.2824042],[121.5035668,31.2817922],[121.5034904,31.2818243],[121.5033856,31.281622],[121.5029815,31.2817689],[121.5027757,31.2813447],[121.5031457,31.2812161],[121.5031448,31.2812144],[121.5031091,31.2811467],[121.5033698,31.2810407],[121.5040458,31.282353],[121.5038998,31.2824042]]]},"properties":{"stable_id":"tongji-siping-way-527987473","collision_type":"building","source_id":"way/527987473"}},{"type":"Feature","id":"tongji-siping-way-729113580","geometry":{"type":"Polygon","coordinates":[[[121.4914563,31.286226],[121.4914328,31.2861129],[121.4914577,31.2861097],[121.4914276,31.286],[121.4916492,31.2859623],[121.4916802,31.2860745],[121.4917051,31.2860704],[121.4917328,31.2861809],[121.4916216,31.2861975],[121.4916129,31.2861703],[121.4915554,31.2861807],[121.4915618,31.2862074],[121.4914563,31.286226]]]},"properties":{"stable_id":"tongji-siping-way-729113580","collision_type":"building","source_id":"way/729113580"}},{"type":"Feature","id":"tongji-siping-way-729113617","geometry":{"type":"Polygon","coordinates":[[[121.4913872,31.2869532],[121.4913709,31.2865717],[121.4918495,31.2865624],[121.4918553,31.2867856],[121.4916721,31.2867868],[121.4916743,31.286948],[121.4913872,31.2869532]]]},"properties":{"stable_id":"tongji-siping-way-729113617","collision_type":"building","source_id":"way/729113617"}},{"type":"Feature","id":"tongji-siping-way-730422748","geometry":{"type":"LineString","coordinates":[[121.4923332,31.2843883],[121.4923249,31.2845427],[121.4923014,31.2849751],[121.4919021,31.2850031],[121.4916015,31.2850016]]},"properties":{"stable_id":"tongji-siping-way-730422748","collision_type":"restricted","source_id":"way/730422748"}},{"type":"Feature","id":"tongji-siping-way-730422749","geometry":{"type":"LineString","coordinates":[[121.4923249,31.2845427],[121.4924911,31.2844516]]},"properties":{"stable_id":"tongji-siping-way-730422749","collision_type":"restricted","source_id":"way/730422749"}},{"type":"Feature","id":"tongji-siping-way-972720324","geometry":{"type":"Polygon","coordinates":[[[121.5027339,31.2877314],[121.5026145,31.2875071],[121.5027354,31.2874617],[121.5028224,31.2876356],[121.5030436,31.2875449],[121.503079,31.2876218],[121.5027339,31.2877314]]]},"properties":{"stable_id":"tongji-siping-way-972720324","collision_type":"building","source_id":"way/972720324"}},{"type":"Feature","id":"tongji-siping-way-972722407","geometry":{"type":"Polygon","coordinates":[[[121.5020377,31.2882662],[121.5019524,31.288066],[121.5021049,31.2880211],[121.5020559,31.2879125],[121.5021539,31.2878799],[121.5022356,31.2878442],[121.5020759,31.2874563],[121.5023192,31.287371],[121.5026514,31.2880707],[121.5020377,31.2882662]]]},"properties":{"stable_id":"tongji-siping-way-972722407","collision_type":"building","source_id":"way/972722407"}}]}
